company_id,forward_commitment,funded_units_by_vp,funded_units_in_cost_center,funded_volume_by_vp,funded_volume_in_cost_center,loan_id,loan_snapshot_id,product_id,reporting_period_id,source_insert_datetime,state_id
1,N,9,9,2092560,2092560,1,1,1,1,,1
1,N,2,7,660870,2256355,2,2,2,1,,2
1,N,12,12,7600750,7600750,3,3,3,1,,3
1,N,3,4,1437400,1837400,4,4,4,1,,4
1,N,9,9,4773361,4773361,5,5,5,1,,5
1,N,15,20,8272065,9760564,6,6,6,1,,6
1,N,2,6,369000,1418785,7,7,7,1,,1
1,N,6,39,2434482,15863938,8,8,7,1,,4
1,N,6,6,2389403,2389403,9,9,7,1,,7
1,N,20,39,7486371,15863938,10,10,7,1,,8
1,N,2,2,1052000,1052000,11,11,4,1,,9
1,N,3,3,1745750,1745750,12,12,1,1,,4
1,N,2,3,754522,1203522,13,13,8,1,,4
1,N,6,10,2445959,4576453,14,14,7,1,,10
1,N,3,3,2778124,2778124,15,15,9,1,,5
1,N,8,8,4327600,4327600,16,16,10,1,,7
2,N,12,14,3535256,4166806,17,17,5,1,,9
2,N,3,13,804590,5917661,18,18,11,1,,11
2,N,3,4,1392958,1752958,19,19,12,1,,1
2,N,1,9,193800,1680804,20,20,1,1,,12
2,N,5,13,1327414,2482885,21,21,1,1,,13
2,N,6,6,1225394,1225394,22,22,13,1,,14
3,N,10,22,15977500,27403820,23,23,3,1,,4
3,N,12,22,11426320,27403820,24,24,1,1,,4
3,N,4,6,4050500,5256500,25,25,4,1,,4
4,N,2,49,1423500,20431420,26,26,14,1,,13
4,N,4,9,2537000,4107300,27,27,1,1,,13
1,N,2,2,801950,801950,28,28,7,1,,15
1,N,8,10,3538200,4770700,29,29,1,1,,16
1,N,5,5,2787484,2787484,30,30,7,1,,17
1,N,2,2,1091654,1091654,31,31,8,1,,4
1,N,3,3,1437400,1437400,32,32,15,1,,5
1,N,3,3,1245425,1245425,33,33,16,1,,18
1,N,18,18,8274503,8274503,34,34,7,1,,19
2,N,3,6,633558,1047352,35,35,17,1,,20
2,N,1,5,427500,1174988,36,36,18,1,,20
2,N,7,12,1119711,2244336,37,37,7,1,,21
2,N,1,7,212192,1986342,38,38,1,1,,22
2,N,2,3,433300,483300,39,39,5,1,,10
2,N,4,33,1259860,12036790,40,40,1,1,,9
2,N,4,6,2325140,3162715,41,41,19,1,,18
2,N,11,17,1917324,3190034,42,42,20,1,,19
2,N,10,11,2436075,2666030,43,43,2,1,,23
2,N,10,11,2436075,2666030,44,44,11,1,,23
3,N,9,36,4720600,22307073,45,45,7,1,,18
3,N,3,36,2542034,22307073,46,46,8,1,,18
3,N,2,27,3080000,20174847,47,47,4,1,,10
3,N,2,27,3080000,20174847,48,48,4,1,,10
3,N,4,27,2531635,20174847,49,49,21,1,,4
3,N,6,6,2768763,2768763,50,50,7,1,,10
3,N,6,6,2768763,2768763,51,51,22,1,,10
4,N,11,49,4241495,20431420,52,52,23,1,,24
2,N,1,24,427500,12464281,53,53,7,1,,10
2,N,16,18,7681942,8174634,54,54,13,1,,5
2,N,3,11,1090535,4693551,55,55,1,1,,13
2,N,4,26,697145,10219421,56,56,7,1,,25
2,N,70,80,43325894,50011244,57,57,1,1,,11
2,N,19,19,8640266,8640266,58,58,7,1,,13
2,N,3,11,1493050,5609264,59,59,14,1,,16
2,N,1,11,618640,6393471,60,60,8,1,,4
2,N,7,17,2381707,4703703,61,61,1,1,,13
2,N,19,51,11849494,29035667,62,62,4,1,,16
1,N,8,12,2823100,3892550,63,63,7,1,,17
2,N,12,97,4859577,24831632.51,64,64,24,1,,21
2,N,8,30,2815240,14570030,65,65,21,1,,11
2,N,7,14,4580460,9506960,66,66,7,1,,3
2,N,6,162,967270,67445552,67,67,2,1,,16
2,N,5,18,1852800,8128174,68,68,25,1,,26
1,N,2,2,577044,577044,69,69,22,1,,9
1,N,4,5,754950,1022950,70,70,4,1,,9
1,N,2,17,488089,4581360,71,71,5,1,,19
1,N,1,2,1401771,1949664,72,72,4,1,,4
1,N,2,3,1136900,1601900,73,73,5,1,,4
2,N,7,11,565992,1762123,74,74,2,1,,23
2,N,6,8,1471662,1847066,75,75,12,1,,17
2,N,18,18,5346157,5346157,76,76,12,1,,10
2,N,2,2,2836250,2836250,77,77,1,1,,4
2,N,1,7,326400,2936417,78,78,26,1,,18
2,N,5,17,1047829,6652915,79,79,12,1,,27
2,N,2,3,605520,1080520,80,80,20,1,,28
2,N,6,7,1765334,1917526,81,81,20,1,,22
2,N,3,5,660000,1442500,82,82,7,1,,7
2,N,6,33,1711915,10073187,83,83,7,1,,6
2,N,19,51,11849494,29035667,84,84,27,1,,29
2,N,7,18,3965600,9433525,85,85,7,1,,16
2,N,7,97,2634959,24831632.51,86,86,1,1,,21
2,N,8,14,4889693,7091334,87,87,7,1,,30
2,N,4,162,1813265,67445552,88,88,28,1,,1
2,N,8,14,4889693,7091334,89,89,4,1,,30
2,N,7,15,3178950,6956882,90,90,29,1,,16
2,N,9,50,3548227,15125609,91,91,7,1,,13
2,N,11,162,4412219,67445552,92,92,7,1,,1
2,N,3,11,340989,1521859,93,93,20,1,,25
2,N,10,21,3924135,7070806,94,94,15,1,,13
2,N,4,5,1134500,1688500,95,95,7,1,,16
2,N,5,23,2674175,13028569,96,96,7,1,,13
2,N,16,30,8853478,14570030,97,97,30,1,,11
2,N,10,29,1498245,9738808,98,98,4,1,,31
2,N,5,33,1450864,10073187,99,99,17,1,,6
2,N,2,27,945750,16635708,100,100,1,1,,11
2,N,2,3,2461309,2631709,101,101,4,1,,4
2,N,13,38,4131390,10265552,102,102,7,1,,13
2,N,8,23,2227161,6055370,103,103,17,1,,32
2,N,1,19,346500,9208393.04,104,104,1,1,,33
2,N,4,4,2058522,2058522,105,105,31,1,,18
2,N,5,5,1483970,1483970,106,106,7,1,,34
2,N,19,21,4443861,4877861,107,107,15,1,,2
2,N,61,80,38156275,47935755,108,108,32,1,,17
1,,0,2,,1312774,109,109,,1,,
1,N,2,2,1684500,1684500,110,110,26,1,,35
1,N,5,25,3174500,13653322,111,111,33,1,,11
1,N,4,4,1892227,1892227,112,112,5,1,,9
1,N,5,11,1387506,4287216,113,113,7,1,,32
1,N,6,11,2899710,4287216,114,114,13,1,,32
1,N,5,9,1138452,2098952,115,115,7,1,,21
1,N,6,6,2389403,2389403,116,116,7,1,,7
1,N,1,1,274928,274928,117,117,22,1,,5
1,N,18,18,8274503,8274503,118,118,9,1,,1
1,N,2,4,1821500,7681500,119,119,34,1,,4
1,N,18,18,8274503,8274503,120,120,32,1,,12
1,N,20,39,7486371,15863938,121,121,7,1,,6
1,N,18,18,8274503,8274503,122,122,7,1,,36
1,N,9,9,2770777,2770777,123,123,7,1,,1
1,N,6,7,1709100,1905477,124,124,21,1,,23
1,N,1,3,281250,964135,125,125,32,1,,21
1,N,6,39,2738460,15863938,126,126,7,1,,21
1,N,6,11,2899710,4287216,127,127,7,1,,32
1,N,10,10,4103176,4103176,128,128,5,1,,9
1,N,2,3,851668,1111668,129,129,17,1,,17
2,N,8,38,2183164,10265552,130,130,7,1,,13
2,N,4,20,1237285,6177739,131,131,13,1,,12
2,N,33,35,14621414,16094232,132,132,15,1,,34
2,N,5,162,1736962,67445552,133,133,12,1,,37
2,N,5,23,2560250,9971543,134,134,7,1,,11
2,N,10,29,1498245,9738808,135,135,35,1,,28
2,N,6,97,2403809,24831632.51,136,136,1,1,,21
2,N,13,18,6275374,8128174,137,137,1,1,,26
2,N,3,7,1799155,3876555,138,138,34,1,,4
2,N,2,2,2550000,2550000,139,139,4,1,,4
2,N,4,80,2202500,47935755,140,140,1,1,,13
2,N,4,20,1827138,12350528,141,141,1,1,,5
2,N,3,15,3298400,7913750,142,142,4,1,,11
2,N,27,162,9813425,67445552,143,143,28,1,,1
2,N,7,14,4580460,9506960,144,144,36,1,,3
2,N,6,18,3052800,9433525,145,145,25,1,,16
2,N,2,5,330488,1174988,146,146,37,1,,20
2,N,7,7,3827959,3827959,147,147,20,1,,3
2,N,7,8,2264562,2604562,148,148,1,1,,38
2,N,1,8,300700,3210918,149,149,1,1,,4
2,N,2,3,2250000,2771061,150,150,4,1,,2
2,N,12,14,3535256,4166806,151,151,1,1,,9
2,N,8,37,2437450,13126580,152,152,38,1,,9
2,N,3,3,2499000,2499000,153,153,5,1,,35
2,N,6,13,777021,2482885,154,154,17,1,,13
2,N,9,9,1935280,1935280,155,155,39,1,,21
2,N,2,19,355000,4527996,156,156,4,1,,25
2,N,1,2,253440,470437,157,157,1,1,,39
2,N,6,37,1368800,13126580,158,158,5,1,,9
2,N,9,33,3584918,12036790,159,159,15,1,,36
2,N,4,4,867699,867699,160,160,7,1,,39
2,N,6,13,777021,2482885,161,161,17,1,,13
2,N,12,14,3535256,4166806,162,162,1,1,,9
1,N,2,2,649000,649000,163,163,1,1,,9
2,N,7,21,3958090,14823107,164,164,1,1,,17
2,N,14,23,3095491,5186156,165,165,7,1,,13
2,N,3,3,900650,900650,166,166,15,1,,9
2,N,2,23,493550,5186156,167,167,7,1,,13
2,N,31,36,9798428,11028892,168,168,7,1,,21
2,N,17,21,8877207,9728193,169,169,7,1,,39
2,N,11,21,3288335,5876758.73,170,170,15,1,,19
2,N,1,23,441000,13028569,171,171,1,1,,13
2,N,24,24,7694992,7694992,172,172,40,1,,39
2,N,3,38,652138,10265552,173,173,7,1,,13
2,N,17,22,3928987,4694567,174,174,17,1,,13
2,N,3,7,529000,1434608,175,175,4,1,,13
2,N,2,8,230500,1683733,176,176,7,1,,15
2,N,12,97,4859577,24831632.51,177,177,7,1,,21
2,N,6,162,967270,67445552,178,178,41,1,,16
2,N,6,24,3457236,12464281,179,179,13,1,,10
2,N,19,51,11849494,29035667,180,180,4,1,,9
2,N,4,4,2058522,2058522,181,181,13,1,,18
2,N,8,11,4888581,6393471,182,182,7,1,,17
2,N,20,51,11465498,29035667,183,183,7,1,,16
2,N,4,26,697145,10219421,184,184,42,1,,25
2,N,10,29,1498245,9738808,185,185,43,1,,28
2,N,9,14,1486671,3286721,186,186,12,1,,40
2,N,5,22,765580,4694567,187,187,44,1,,24
2,N,18,50,3414299,15125609,188,188,41,1,,13
2,N,8,9,4658321,4938321,189,189,7,1,,29
2,N,19,21,4443861,4877861,190,190,15,1,,20
2,N,31,36,9798428,11028892,191,191,21,1,,21
2,N,4,30,1936150,14570030,192,192,7,1,,41
2,N,9,22,6439750,13919313,193,193,7,1,,16
2,N,1,21,188000,9728193,194,194,7,1,,20
2,N,9,50,3548227,15125609,195,195,45,1,,13
2,N,1,11,431250,6393471,196,196,7,1,,17
2,N,17,21,8877207,9728193,197,197,17,1,,18
2,N,70,80,43325894,50011244,198,198,7,1,,11
2,N,5,22,765580,4694567,199,199,46,1,,25
2,N,9,50,3548227,15125609,200,200,47,1,,13
2,N,2,21,430000,6819006,201,201,1,1,,18
2,N,4,20,1827138,12350528,202,202,17,1,,19
2,N,4,7,1684750,3564750,203,203,5,1,,4
2,N,2,10,1463875,8696347,204,204,36,1,,4
2,N,2,21,434000,4877861,205,205,32,1,,1
2,N,1,37,511700,10766259,206,206,15,1,,39
2,N,27,97,4807863,24831632.51,207,207,1,1,,21
2,N,17,21,8877207,9728193,208,208,7,1,,39
2,N,9,47,3696892,16915354.25,209,209,5,1,,33
2,N,5,27,1844555,11153860,210,210,7,1,,5
2,N,1,6,1636000,3201068,211,211,48,1,,4
2,N,6,38,969861,10265552,212,212,7,1,,13
2,N,1,27,400000,11153860,213,213,7,1,,9
2,N,3,22,1648418,13919313,214,214,7,1,,16
2,N,6,47,2709141,16915354.25,215,215,21,1,,3
2,N,3,14,1337994,7661494,216,216,7,1,,7
2,N,4,47,1595251,16915354.25,217,217,7,1,,16
2,N,5,47,1679292,16915354.25,218,218,8,1,,42
2,N,27,27,14605295,14605295,219,219,4,1,,3
2,N,8,47,1836570,16915354.25,220,220,49,1,,13
2,N,7,23,1173769,6055370,221,221,17,1,,32
2,N,8,47,1836570,16915354.25,222,222,7,1,,13
2,N,8,24,2327279,8861025,223,223,7,1,,13
2,N,6,24,2459831,8861025,224,224,21,1,,5
2,N,20,37,6278231,10766259,225,225,15,1,,39
2,N,12,26,2078641,4216595,226,226,15,1,,36
2,N,5,47,1679292,16915354.25,227,227,13,1,,24
2,N,3,37,626000,13126580,228,228,5,1,,9
2,N,1,7,549366,3139464,229,229,17,1,,11
4,N,3,11,1011726,4558394,230,230,7,1,,32
2,N,1,6,395209,1480815,231,231,9,1,,13
2,N,2,14,631550,4166806,232,232,50,1,,9
4,N,2,11,1231000,4558394,233,233,51,1,,13
4,N,11,49,4241495,20431420,234,234,7,1,,13
2,N,1,3,330650,1104750,235,235,1,1,,2
2,N,24,24,7694992,7694992,236,236,9,1,,39
2,N,4,11,2301900,5609264,237,237,32,1,,16
2,N,11,37,4145000,13126580,238,238,1,1,,9
1,N,3,3,1041980,1041980,239,239,7,1,,15
1,N,8,11,1789157,2418157,240,240,17,1,,1
1,N,2,2,948000,948000,241,241,5,1,,15
2,N,4,20,1827138,12350528,242,242,52,1,,43
1,N,15,17,5212925,5658925,243,243,29,1,,16
1,N,2,2,765073,765073,244,244,22,1,,17
1,N,6,6,1742225,1742225,245,245,7,1,,13
2,N,19,19,8640266,8640266,246,246,9,1,,17
2,N,4,14,2337000,7661494,247,247,1,1,,13
2,N,16,18,7681942,8174634,248,248,13,1,,17
2,N,14,16,10753682,11053682,249,249,5,1,,4
2,N,14,162,5497833,67445552,250,250,7,1,,1
2,N,9,14,1386152,2419925.38,251,251,53,1,,44
2,N,17,19,4493514,5132272.37,252,252,7,1,,23
2,N,2,19,665000,4527996,253,253,54,1,,25
2,N,4,5,1004434,1729434,254,254,7,1,,24
2,N,13,162,5311322,67445552,255,255,55,1,,1
2,N,2,11,995000,6098838,256,256,20,1,,43
2,N,3,162,651632,67445552,257,257,9,1,,1
2,N,11,97,2259655,24831632.51,258,258,17,1,,21
2,N,11,162,6505933,67445552,259,259,21,1,,1
2,N,2,2,224099,224099,260,260,17,1,,25
2,N,27,97,4807863,24831632.51,261,261,12,1,,21
2,N,19,19,8640266,8640266,262,262,47,1,,13
2,N,2,23,1074000,13028569,263,263,7,1,,13
2,N,4,15,1516770,6956882,264,264,7,1,,16
2,N,24,24,7694992,7694992,265,265,56,1,,39
2,N,3,8,1012400,2441025,266,266,1,1,,6
2,N,1,1,170000,170000,267,267,57,1,,23
2,N,4,4,1536000,1536000,268,268,7,1,,11
2,N,5,21,1241520,7070806,269,269,7,1,,13
2,N,4,11,1029550,4693551,270,270,7,1,,13
2,N,61,80,38156275,47935755,271,271,7,1,,13
2,N,18,50,3414299,15125609,272,272,39,1,,13
2,N,6,23,2258444,13028569,273,273,1,1,,13
2,N,3,17,1379068,5710286,274,274,7,1,,34
2,N,7,9,1312682,1681232,275,275,9,1,,45
2,N,16,18,7681942,8174634,276,276,34,1,,5
2,N,2,10,1463875,8696347,277,277,51,1,,4
2,N,10,21,3924135,7070806,278,278,38,1,,13
2,N,2,23,1074000,13028569,279,279,7,1,,13
2,N,5,9,2925500,6850100,280,280,21,1,,11
2,N,2,8,425323,1683733,281,281,13,1,,15
2,N,2,7,211535,2380786,282,282,58,1,,15
2,N,8,10,4440374,5437874,283,283,1,1,,16
2,N,6,24,3457236,12464281,284,284,17,1,,10
2,N,15,27,7570096,16635708,285,285,14,1,,23
2,N,16,17,14380700,14988132,286,286,20,1,,35
2,N,6,17,1367240,4703703,287,287,7,1,,13
2,N,7,49,3023043,18329432,288,288,1,1,,17
2,N,8,47,1836570,16915354.25,289,289,1,1,,17
2,N,8,24,2327279,8861025,290,290,7,1,,9
2,N,10,11,3384221,3394221,291,291,1,1,,20
2,N,10,12,2899352,3759304,292,292,1,1,,11
2,N,3,13,804590,5917661,293,293,2,1,,11
2,N,5,7,1340797,1889147,294,294,1,1,,9
2,N,3,162,651632,67445552,295,295,1,1,,1
2,N,10,29,1498245,9738808,296,296,4,1,,31
2,N,5,22,765580,4694567,297,297,46,1,,25
2,N,1,162,500000,67445552,298,298,5,1,,1
2,N,18,50,3414299,15125609,299,299,11,1,,13
2,N,13,38,4131390,10265552,300,300,7,1,,13
2,N,27,97,4807863,24831632.51,301,301,11,1,,21
2,N,2,7,906599,2271501,302,302,59,1,,7
2,N,8,21,3014410,6819006,303,303,17,1,,33
2,N,3,21,958385,6819006,304,304,60,1,,18
2,N,19,51,11849494,29035667,305,305,20,1,,16
2,N,9,11,1951962,2600362,306,306,61,1,,17
2,N,9,11,1951962,2600362,307,307,4,1,,17
2,N,20,37,6278231,10766259,308,308,15,1,,39
2,N,11,33,3577795,10073187,309,309,62,1,,11
2,N,70,80,43325894,50011244,310,310,7,1,,11
2,N,3,26,1340000,10219421,311,311,1,1,,13
2,N,3,3,650692,650692,312,312,15,1,,9
2,N,4,17,1511398,4532971,313,313,63,1,,7
2,N,27,97,4807863,24831632.51,314,314,39,1,,21
2,N,8,38,2183164,10265552,315,315,7,1,,13
2,N,2,21,685519,5876758.73,316,316,56,1,,23
2,N,1,6,750000,3201068,317,317,15,1,,5
2,N,27,97,4807863,24831632.51,318,318,11,1,,21
2,N,3,14,1337994,7661494,319,319,7,1,,7
2,N,3,22,1648418,13919313,320,320,34,1,,16
1,N,4,4,3228640,3228640,321,321,4,1,,4
1,N,9,9,2677724,2677724,322,322,7,1,,15
1,N,9,9,2224497,2224497,323,323,12,1,,46
1,N,17,17,11371125,11371125,324,324,50,1,,16
1,N,17,17,11371125,11371125,325,325,52,1,,16
1,N,1,2,217687,616887,326,326,13,1,,10
1,N,3,3,2551500,2551500,327,327,52,1,,4
1,N,3,3,1616776,1616776,328,328,7,1,,4
1,N,7,39,3204625,15863938,329,329,1,1,,26
1,N,23,23,6044574,6044574,330,330,25,1,,1
1,N,4,6,1049785,1418785,331,331,1,1,,1
1,N,6,39,2738460,15863938,332,332,7,1,,19
1,N,4,13,2186450,9254050,333,333,21,1,,16
2,N,3,47,922321,16915354.25,334,334,7,1,,20
2,N,6,24,2982000,8861025,335,335,21,1,,4
2,N,2,25,1759500,9690271,336,336,7,1,,13
2,N,5,27,1844555,11153860,337,337,36,1,,3
2,N,4,47,1595251,16915354.25,338,338,8,1,,9
2,N,9,47,3696892,16915354.25,339,339,1,1,,17
2,N,4,49,1593323,18329432,340,340,13,1,,4
2,N,7,49,3023043,18329432,341,341,13,1,,23
2,N,4,20,1273600,4568819,342,342,20,1,,13
2,N,6,6,1225394,1225394,343,343,9,1,,14
2,N,7,26,1966213,10815428,344,344,7,1,,1
2,N,70,80,43325894,50011244,345,345,21,1,,11
2,N,27,27,14605295,14605295,346,346,17,1,,16
2,N,10,20,3180038,6177739,347,347,11,1,,12
2,N,10,21,3924135,7070806,348,348,38,1,,13
2,N,1,37,331987,10766259,349,349,15,1,,39
2,N,4,5,408000,557826,350,350,2,1,,47
2,N,12,26,2078641,4216595,351,351,12,1,,36
2,N,5,37,909049,10766259,352,352,11,1,,39
2,N,1,2,278869,595534,353,353,64,1,,40
2,N,3,15,1554000,6956882,354,354,7,1,,16
2,N,3,3,572660,572660,355,355,26,1,,17
2,N,2,50,233405,15125609,356,356,1,1,,13
2,N,27,27,14605295,14605295,357,357,7,1,,3
2,N,20,37,6278231,10766259,358,358,15,1,,39
2,N,4,30,1936150,14570030,359,359,1,1,,41
2,N,12,12,4198470,4198470,360,360,1,1,,24
2,N,1,4,399000,883873,361,361,15,1,,23
2,N,1,1,257058,257058,362,362,17,1,,39
2,N,1,24,958500,12464281,363,363,65,1,,10
2,N,8,23,2227161,6055370,364,364,7,1,,32
2,N,8,13,15825000,21582919,365,365,7,1,,4
2,N,7,37,1943803,10224398,366,366,7,1,,13
2,N,5,7,6280500,8626400,367,367,66,1,,13
2,N,1,1,460000,460000,368,368,67,1,,24
2,N,7,162,2228893,67445552,369,369,7,1,,16
2,N,70,80,43325894,50011244,370,370,39,1,,48
2,N,5,8,1912525,3268333,371,371,35,1,,19
2,N,5,8,1912525,3268333,372,372,35,1,,19
2,N,7,7,1272727,1272727,373,373,17,1,,17
2,N,2,8,375404,1847066,374,374,7,1,,17
2,N,2,11,1787800,6057520,375,375,3,1,,5
2,N,1,25,298493,7926378.22,376,376,9,1,,20
2,N,3,11,813171,1762123,377,377,15,1,,23
2,N,1,1,198000,198000,378,378,7,1,,34
2,N,2,17,751320,6652915,379,379,1,1,,34
2,N,6,17,2391766,6652915,380,380,5,1,,34
2,N,6,8,1883392,2284095,381,381,5,1,,16
2,N,1,6,260930,1228180,382,382,1,1,,13
2,N,1,6,806500,4131342,383,383,5,1,,33
2,N,7,12,1481479,2545783,384,384,9,1,,21
2,,1,23,1178000,13028569,385,385,68,1,,9
2,N,7,22,4201800,13919313,386,386,7,1,,16
2,N,2,7,753075,1434608,387,387,7,1,,13
2,N,19,51,11849494,29035667,388,388,7,1,,16
2,N,27,27,14605295,14605295,389,389,7,1,,3
2,N,7,37,1943803,10224398,390,390,7,1,,13
1,N,6,11,2899710,4287216,391,391,32,1,,32
2,N,7,23,1173769,6055370,392,392,8,1,,25
2,N,9,11,1951962,2600362,393,393,7,1,,17
2,N,6,97,2403809,24831632.51,394,394,5,1,,21
2,N,7,26,1966213,10815428,395,395,7,1,,1
2,N,3,10,811950,1650786,396,396,7,1,,15
2,N,8,10,4440374,5437874,397,397,4,1,,16
2,N,1,10,3500000,8676775,398,398,4,1,,4
1,N,2,10,1232500,4770700,399,399,1,1,,16
2,N,9,11,1951962,2600362,400,400,7,1,,17
1,N,3,5,529425,1268925,401,401,7,1,,13
1,N,18,18,8274503,8274503,402,402,4,1,,17
2,N,7,7,3827959,3827959,403,403,20,1,,3
2,N,9,14,1386152,2419925.38,404,404,17,1,,44
2,N,4,4,1163800,1163800,405,405,7,1,,39
2,N,3,11,1125392,3323327,406,406,32,1,,17
2,N,1,11,10000,3394221,407,407,11,1,,20
2,N,2,7,331500,1268243,408,408,2,1,,21
2,N,2,23,789927,6663491,409,409,17,1,,17
2,N,4,21,349955,3494543,410,410,1,1,,13
2,N,2,37,845250,13126580,411,411,28,1,,9
2,N,10,11,3384221,3394221,412,412,69,1,,20
2,N,2,6,595900,1856875,413,413,5,1,,13
2,N,4,4,3217287,3217287,414,414,70,1,,5
2,N,2,7,331500,1268243,415,415,58,1,,21
2,N,2,9,870000,2508122,416,416,1,1,,32
2,N,5,13,1327414,2482885,417,417,9,1,,13
2,N,10,12,2899352,3759304,418,418,9,1,,6
2,N,4,33,1513505,12036790,419,419,15,1,,10
2,N,5,5,2473044,2473044,420,420,7,1,,4
2,N,5,5,755946,755946,421,421,62,1,,9
2,N,6,6,1225394,1225394,422,422,14,1,,14
2,N,3,3,454000,454000,423,423,7,1,,11
2,N,17,19,4493514,5132272.37,424,424,7,1,,23
2,N,7,16,2420132,4650032,425,425,14,1,,21
2,N,6,21,1101508,3494543,426,426,20,1,,13
2,N,1,6,145112,1480815,427,427,1,1,,13
2,N,2,23,778562,6663491,428,428,1,1,,17
2,N,1,23,768400,6663491,429,429,1,1,,17
2,N,7,16,2420132,4650032,430,430,21,1,,21
2,N,3,9,884730,2508122,431,431,1,1,,32
2,N,9,14,1386152,2419925.38,432,432,58,1,,44
2,N,4,6,2325140,3162715,433,433,17,1,,18
2,N,3,97,563674,24831632.51,434,434,71,1,,21
2,N,4,47,2084952,16915354.25,435,435,21,1,,1
2,N,5,47,1679292,16915354.25,436,436,1,1,,3
2,N,6,24,2982000,8861025,437,437,21,1,,5
2,N,6,47,2709141,16915354.25,438,438,21,1,,9
2,N,5,27,3031451,11153860,439,439,17,1,,23
2,N,61,80,38156275,47935755,440,440,24,1,,13
2,N,1,5,149826,557826,441,441,17,1,,47
2,N,33,35,14621414,16094232,442,442,15,1,,27
2,N,3,33,1147492,10073187,443,443,7,1,,16
2,N,4,4,2058522,2058522,444,444,8,1,,18
2,N,3,21,2613022,14823107,445,445,7,1,,4
2,N,11,17,7888287,10213491,446,446,7,1,,5
2,N,61,80,38156275,47935755,447,447,72,1,,26
2,N,16,30,8853478,14570030,448,448,4,1,,11
2,N,70,80,43325894,50011244,449,449,7,1,,11
2,N,33,35,14621414,16094232,450,450,73,1,,19
2,N,2,16,583000,6888925,451,451,1,1,,13
2,N,5,17,870750,4532971,452,452,74,1,,7
2,N,7,97,2634959,24831632.51,453,453,1,1,,21
2,N,1,7,165000,2126818,454,454,75,1,,23
2,N,61,80,38156275,47935755,455,455,76,1,,13
2,N,14,16,10753682,11053682,456,456,77,1,,4
2,N,2,21,382186,9728193,457,457,17,1,,25
2,N,7,24,3191450,12464281,458,458,77,1,,13
2,N,14,23,3095491,5186156,459,459,7,1,,13
2,N,6,21,1905151,7070806,460,460,17,1,,13
2,N,2,11,995000,6098838,461,461,15,1,,5
2,N,2,162,753550,67445552,462,462,7,1,,37
2,N,70,80,43325894,50011244,463,463,21,1,,11
1,N,3,10,1632294,4576453,464,464,7,1,,10
1,N,12,12,7600750,7600750,465,465,21,1,,13
1,N,2,2,611700,611700,466,466,4,1,,4
1,N,1,2,753967,1203967,467,467,8,1,,4
1,N,3,3,1057275,1057275,468,468,7,1,,29
1,N,2,2,1966400,1966400,469,469,34,1,,4
1,N,17,17,11371125,11371125,470,470,78,1,,16
1,N,1,1,1240000,1240000,471,471,4,1,,4
1,N,3,3,2285968,2285968,472,472,15,1,,4
1,N,2,3,754522,1203522,473,473,4,1,,4
1,N,4,4,1402460,1402460,474,474,7,1,,17
1,N,2,20,629500,9324945,475,475,79,1,,20
1,N,6,20,4081500,9324945,476,476,4,1,,20
2,N,3,8,1355808,3268333,477,477,21,1,,19
2,N,2,6,1671500,4714507,478,478,4,1,,29
2,N,1,6,583000,4714507,479,479,26,1,,29
2,N,4,4,1427056,1427056,480,480,5,1,,17
2,N,3,20,1489250,13928730,481,481,5,1,,4
2,N,18,18,5346157,5346157,482,482,17,1,,10
2,N,18,18,5346157,5346157,483,483,39,1,,10
2,N,18,18,5346157,5346157,484,484,41,1,,10
2,N,14,16,10753682,11053682,485,485,1,1,,4
2,N,12,50,5777592,15125609,486,486,1,1,,13
2,N,4,4,1526321,1526321,487,487,28,1,,23
2,N,1,9,781850,6850100,488,488,21,1,,11
2,N,11,33,3577795,10073187,489,489,7,1,,11
2,N,16,18,7681942,8174634,490,490,7,1,,9
2,N,8,16,5205100,6888925,491,491,4,1,,16
2,N,8,11,4888581,6393471,492,492,26,1,,17
2,N,4,4,1486050,1486050,493,493,80,1,,16
2,N,33,35,14621414,16094232,494,494,81,1,,23
2,N,9,50,3548227,15125609,495,495,1,1,,13
2,N,4,6,1897500,2993000,496,496,1,1,,49
2,N,3,4,3189550,4082355,497,497,51,1,,26
2,N,61,80,38156275,47935755,498,498,82,1,,29
2,N,4,8,862861,1786981,499,499,62,1,,13
2,N,7,13,3798878,5973378.91,500,500,39,1,,11
2,N,6,21,1551854,6819006,501,501,7,1,,19
2,N,3,9,1013823,3055273,502,502,7,1,,13
2,N,7,17,2381707,4703703,503,503,7,1,,13
4,N,1,49,355000,20431420,504,504,1,1,,13
4,N,4,5,1779000,2043000,505,505,5,1,,4
1,N,2,9,444750,2337710,506,506,7,1,,1
1,N,9,9,2770777,2770777,507,507,1,1,,22
1,N,8,11,1789157,2418157,508,508,83,1,,1
1,N,1,4,525030,1456280,509,509,84,1,,4
1,N,5,11,1387506,4287216,510,510,8,1,,32
1,N,2,2,1140000,1140000,511,511,5,1,,4
1,N,2,20,612499,9760564,512,512,5,1,,6
1,N,18,18,8274503,8274503,513,513,7,1,,17
1,N,8,8,4327600,4327600,514,514,85,1,,7
1,N,4,20,1846704,9324945,515,515,22,1,,20
2,N,3,8,785510,1683733,516,516,7,1,,15
2,N,33,35,14621414,16094232,517,517,15,1,,39
2,N,3,21,1063428,5876758.73,518,518,1,1,,23
2,N,3,15,1554000,6956882,519,519,29,1,,16
2,N,7,13,3798878,5973378.91,520,520,11,1,,11
2,N,3,11,340989,1521859,521,521,1,1,,25
2,N,9,80,5804350,50011244,522,522,4,1,,11
2,N,1,26,741750,10219421,523,523,4,1,,23
2,N,14,162,5497833,67445552,524,524,7,1,,1
2,N,18,50,3414299,15125609,525,525,12,1,,13
2,N,2,9,368550,1681232,526,526,7,1,,28
2,N,5,26,1615227,10219421,527,527,1,1,,13
2,N,19,38,5516416,10010882,528,528,4,1,,39
2,N,1,20,334650,12350528,529,529,86,1,,9
2,N,5,20,2003456,12350528,530,530,32,1,,3
2,N,4,7,2077400,3876555,531,531,1,1,,17
2,N,4,6,815068,3201068,532,532,12,1,,10
2,N,1,4,512000,1907211.37,533,533,20,1,,4
2,N,13,18,6275374,8128174,534,534,1,1,,26
2,N,4,8,1789649,3961649,535,535,8,1,,4
2,N,6,80,2808480,47935755,536,536,7,1,,13
2,N,3,11,1185000,3960550,537,537,5,1,,3
2,N,4,6,815068,3201068,538,538,11,1,,10
2,N,12,50,5777592,15125609,539,539,3,1,,13
2,N,3,3,900650,900650,540,540,74,1,,31
2,N,7,17,2381707,4703703,541,541,17,1,,13
2,N,3,17,1040750,5710286,542,542,7,1,,2
2,N,70,80,43325894,50011244,543,543,7,1,,11
1,N,2,2,611700,611700,544,544,21,1,,4
1,N,1,1,379050,379050,545,545,7,1,,8
1,N,2,4,674925,3261775,546,546,1,1,,13
1,N,20,39,7486371,15863938,547,547,8,1,,28
1,N,6,7,1709100,1905477,548,548,7,1,,23
1,N,4,8,884923,1973691,549,549,12,1,,8
1,N,1,1,315003,315003,550,550,5,1,,7
1,N,2,4,674925,3261775,551,551,7,1,,27
1,N,12,12,7600750,7600750,552,552,4,1,,7
1,N,5,20,1801038,9324945,553,553,22,1,,20
1,N,3,12,653450,3892550,554,554,7,1,,17
1,N,2,22,493998,5430779,555,555,9,1,,21
1,N,7,22,1443880,5430779,556,556,39,1,,21
1,N,6,20,4081500,9324945,557,557,4,1,,20
1,N,2,20,629500,9324945,558,558,5,1,,20
2,N,5,8,1912525,3268333,559,559,87,1,,19
2,N,6,6,1011548,1011548,560,560,12,1,,13
2,N,6,8,997000,1861625,561,561,77,1,,9
2,N,14,19,3597281,4925187,562,562,12,1,,24
2,N,1,3,170400,2631709,563,563,77,1,,4
2,N,4,4,1486050,1486050,564,564,77,1,,16
2,N,2,3,555750,718250,565,565,1,1,,5
2,N,3,5,810697,1283464,566,566,14,1,,17
2,N,1,21,280800,9728193,567,567,1,1,,20
2,N,16,18,7681942,8174634,568,568,6,1,,5
2,N,3,18,990125,9433525,569,569,2,1,,16
2,N,5,5,1241292,1241292,570,570,17,1,,39
2,N,3,18,990125,9433525,571,571,58,1,,16
2,N,33,35,14621414,16094232,572,572,15,1,,6
2,N,1,1,808000,808000,573,573,4,1,,9
1,N,3,3,1488000,1488000,574,574,67,1,,4
1,N,2,2,1091654,1091654,575,575,15,1,,4
1,N,1,1,351500,351500,576,576,5,1,,4
1,N,7,12,2060667,3164877,577,577,7,1,,13
1,N,23,23,6044574,6044574,578,578,25,1,,1
1,N,5,5,2787484,2787484,579,579,7,1,,17
1,N,3,17,913241,4581360,580,580,88,1,,19
1,N,1,2,375000,979800,581,581,21,1,,20
1,N,9,9,2770777,2770777,582,582,14,1,,7
1,N,5,25,3174500,13653322,583,583,10,1,,11
1,N,27,27,17995948,17995948,584,584,89,1,,16
1,N,3,3,1437400,1437400,585,585,5,1,,44
1,N,9,9,2092560,2092560,586,586,31,1,,1
1,N,17,17,11371125,11371125,587,587,85,1,,16
1,N,23,23,6044574,6044574,588,588,90,1,,1
1,N,23,23,6044574,6044574,589,589,91,1,,1
2,N,1,4,158110,1235535,590,590,1,1,,17
2,N,14,14,5563214,5563214,591,591,32,1,,1
2,N,1,51,120000,29035667,592,592,7,1,,1
2,N,27,162,9813425,67445552,593,593,4,1,,1
2,N,18,50,3414299,15125609,594,594,12,1,,13
2,N,6,80,2808480,47935755,595,595,7,1,,13
2,N,3,26,2135019,10815428,596,596,17,1,,16
2,N,3,6,625100,957239,597,597,7,1,,47
2,N,3,11,1829224,5814786,598,598,4,1,,4
2,N,2,8,341634,1901592,599,599,2,1,,25
2,N,2,7,1076095,2936417,600,600,15,1,,7
2,N,6,8,1883392,2284095,601,601,1,1,,1
2,N,4,12,865892,2545783,602,602,9,1,,27
2,N,3,3,708841,708841,603,603,9,1,,13
2,N,1,1,430402,430402,604,604,17,1,,18
2,N,4,12,865892,2545783,605,605,9,1,,29
2,N,3,5,1107296,1295296,606,606,1,1,,16
2,N,3,5,1107296,1295296,607,607,9,1,,16
2,N,31,36,9798428,11028892,608,608,2,1,,21
2,N,6,38,969861,10265552,609,609,92,1,,13
2,N,12,15,4615350,7913750,610,610,7,1,,11
2,N,2,26,765000,10219421,611,611,20,1,,13
2,N,14,23,3095491,5186156,612,612,7,1,,13
2,N,11,17,7888287,10213491,613,613,93,1,,5
2,N,70,80,43325894,50011244,614,614,1,1,,11
2,N,5,9,2430436,3116436,615,615,7,1,,4
2,N,7,9,1312682,1681232,616,616,13,1,,28
2,N,1,1,276358,276358,617,617,8,1,,14
2,N,27,162,9813425,67445552,618,618,1,1,,1
2,N,17,22,3928987,4694567,619,619,15,1,,13
2,N,11,97,3193890,24831632.51,620,620,15,1,,10
2,N,61,80,38156275,47935755,621,621,1,1,,17
1,N,1,8,324000,1973691,622,622,94,1,,8
1,N,10,10,4103176,4103176,623,623,4,1,,9
1,N,2,2,765073,765073,624,624,15,1,,17
1,N,3,3,1616776,1616776,625,625,8,1,,4
1,N,9,9,4773361,4773361,626,626,15,1,,5
1,N,1,4,396000,1871550,627,627,1,1,,7
1,N,2,9,444750,2337710,628,628,7,1,,1
2,N,2,7,1076095,2936417,629,629,15,1,,18
2,N,2,7,523425,2271501,630,630,28,1,,7
2,N,4,38,1028999,10265552,631,631,7,1,,13
2,N,2,35,1472818,16094232,632,632,22,1,,4
2,N,3,27,2248800,16838877,633,633,7,1,,16
2,N,12,29,4324913,9738808,634,634,1,1,,39
2,N,7,37,1625359,10224398,635,635,7,1,,13
2,N,19,19,8640266,8640266,636,636,29,1,,13
2,Y,8,8,2884764,2884764,637,637,17,1,,9
2,N,1,2,951300,1285138,638,638,95,1,,20
2,N,2,14,1004000,7661494,639,639,96,1,,22
2,N,20,51,11465498,29035667,640,640,7,1,,16
2,N,9,80,5804350,50011244,641,641,7,1,,11
1,N,5,12,1104210,3164877,642,642,21,1,,13
2,N,9,12,2711900,3585760,643,643,4,1,,9
2,N,6,24,3457236,12464281,644,644,7,1,,10
1,N,6,10,2445959,4576453,645,645,1,1,,10
1,N,3,4,1475550,1871550,646,646,1,1,,7
1,N,12,12,4112465,4112465,647,647,25,1,,37
1,N,20,39,7486371,15863938,648,648,22,1,,18
1,N,9,9,2770777,2770777,649,649,7,1,,17
1,N,2,13,1103000,9254050,650,650,21,1,,3
1,N,3,3,791300,791300,651,651,28,1,,7
1,N,20,39,7486371,15863938,652,652,7,1,,17
1,N,5,25,3174500,13653322,653,653,50,1,,11
1,N,12,12,7600750,7600750,654,654,72,1,,13
1,N,4,6,1049785,1418785,655,655,39,1,,1
1,N,23,23,6044574,6044574,656,656,42,1,,1
1,N,6,6,1030850,1030850,657,657,13,1,,15
1,N,3,8,3257000,9562250,658,658,97,1,,4
1,N,2,2,419900,419900,659,659,98,1,,10
1,N,23,23,6044574,6044574,660,660,36,1,,1
2,N,8,8,5104914,5104914,661,661,99,1,,4
2,N,7,97,2634959,24831632.51,662,662,38,1,,13
2,N,70,80,43325894,50011244,663,663,21,1,,3
2,N,5,27,3842834,16635708,664,664,15,1,,11
2,N,12,26,2078641,4216595,665,665,12,1,,36
2,N,4,4,2058522,2058522,666,666,15,1,,18
2,N,1,1,1000000,1000000,667,667,4,1,,18
2,N,3,3,968932,968932,668,668,22,1,,19
2,N,8,38,2183164,10265552,669,669,7,1,,13
2,N,7,37,1943803,10224398,670,670,1,1,,9
2,N,31,36,9798428,11028892,671,671,9,1,,21
2,N,5,23,2944500,13028569,672,672,51,1,,13
2,N,3,26,999400,10815428,673,673,4,1,,16
2,N,61,80,38156275,47935755,674,674,7,1,,13
2,N,1,7,733430,5566315,675,675,15,1,,35
1,N,5,8,6305250,9562250,676,676,34,1,,4
1,N,18,18,8274503,8274503,677,677,48,1,,20
2,N,7,11,565992,1762123,678,678,58,1,,23
2,N,18,18,5346157,5346157,679,679,41,1,,10
2,,1,1,327896,327896,680,680,68,1,,34
2,N,1,1,380545,380545,681,681,100,1,,23
2,N,1,19,38758,5132272.37,682,682,71,1,,23
3,N,12,22,11426320,27403820,683,683,40,1,,4
3,N,5,27,2061551,20174847,684,684,5,1,,10
3,N,2,4,1574000,2025000,685,685,5,1,,13
3,N,4,6,4050500,5256500,686,686,51,1,,4
3,N,1,6,564000,2533681,687,687,21,1,,23
3,N,5,6,1969681,2533681,688,688,1,1,,23
3,N,9,36,4720600,22307073,689,689,7,1,,18
4,N,9,49,4501048,20431420,690,690,1,1,,13
4,N,4,11,1472868,4558394,691,691,47,1,,13
4,N,9,49,4501048,20431420,692,692,38,1,,13
4,N,9,49,4501048,20431420,693,693,1,1,,13
2,N,61,80,38156275,47935755,694,694,4,1,,3
2,N,1,12,250267,5042775,695,695,13,1,,20
2,N,6,33,1711915,10073187,696,696,7,1,,6
2,N,31,36,9798428,11028892,697,697,101,1,,21
2,N,12,97,4859577,24831632.51,698,698,24,1,,21
2,N,4,17,954756,4703703,699,699,9,1,,13
2,N,1,8,56000,1900598,700,700,66,1,,14
2,N,33,35,14621414,16094232,701,701,15,1,,9
2,N,4,12,1226068,5042775,702,702,7,1,,1
2,N,17,19,8468293,9208393.04,703,703,1,1,,33
2,N,14,19,3597281,4925187,704,704,58,1,,24
2,N,5,5,1279061,1279061,705,705,25,1,,9
2,N,6,10,3743099,5098854,706,706,7,1,,9
2,N,5,21,1241520,7070806,707,707,14,1,,7
2,N,6,23,2258444,13028569,708,708,1,1,,13
2,N,7,162,2800641,67445552,709,709,1,1,,16
2,N,70,80,43325894,50011244,710,710,7,1,,49
2,N,16,18,7681942,8174634,711,711,25,1,,5
2,N,7,15,3178950,6956882,712,712,7,1,,16
2,N,9,14,1486671,3286721,713,713,38,1,,15
2,N,1,2,268000,688210,714,714,15,1,,30
2,N,3,9,1403335,2970310,715,715,17,1,,16
2,N,11,162,4412219,67445552,716,716,17,1,,1
2,N,70,80,43325894,50011244,717,717,102,1,,11
2,N,17,19,4493514,5132272.37,718,718,15,1,,23
2,N,6,6,1011548,1011548,719,719,11,1,,13
2,N,13,162,5311322,67445552,720,720,7,1,,1
2,N,70,80,43325894,50011244,721,721,3,1,,11
2,N,3,4,769731,1894731,722,722,7,1,,4
2,N,27,162,9813425,67445552,723,723,1,1,,1
2,N,4,162,2583839,67445552,724,724,103,1,,1
2,N,17,19,8468293,9208393.04,725,725,1,1,,18
2,N,5,11,2309500,3960550,726,726,7,1,,16
2,N,11,21,3288335,5876758.73,727,727,7,1,,19
2,N,3,21,1063428,5876758.73,728,728,1,1,,23
2,N,9,162,4703224,67445552,729,729,3,1,,1
2,N,5,17,1047829,6652915,730,730,39,1,,27
2,N,1,6,304000,1228180,731,731,20,1,,13
2,N,7,12,1481479,2545783,732,732,9,1,,15
2,N,12,12,4198470,4198470,733,733,17,1,,24
2,N,5,7,6280500,8626400,734,734,104,1,,4
2,N,61,80,38156275,47935755,735,735,89,1,,13
2,N,27,27,14605295,14605295,736,736,22,1,,3
2,N,1,23,300000,9971543,737,737,26,1,,11
2,N,31,36,9798428,11028892,738,738,15,1,,21
2,N,15,27,10452980,16838877,739,739,7,1,,16
2,N,70,80,43325894,50011244,740,740,3,1,,11
2,N,8,10,4440374,5437874,741,741,26,1,,16
2,N,20,51,11465498,29035667,742,742,7,1,,16
2,N,1,5,725000,1729434,743,743,1,1,,9
2,N,2,162,875000,67445552,744,744,7,1,,1
2,N,7,7,4554529,4554529,745,745,1,1,,11
2,N,5,9,2925500,6850100,746,746,7,1,,11
2,N,7,13,4047837,5917661,747,747,15,1,,11
2,N,8,23,2227161,6055370,748,748,1,1,,32
2,N,3,10,1352391,4633846,749,749,1,1,,11
2,N,7,17,787538,2002726,750,750,1,1,,21
2,N,7,17,787538,2002726,751,751,1,1,,21
2,N,2,10,836893,4122644,752,752,22,1,,11
2,N,19,19,8640266,8640266,753,753,67,1,,13
2,N,20,51,11465498,29035667,754,754,7,1,,16
2,N,3,20,792164,4568819,755,755,9,1,,13
2,N,20,51,11465498,29035667,756,756,7,1,,16
2,N,11,162,4412219,67445552,757,757,7,1,,1
2,N,5,5,755946,755946,758,758,11,1,,9
2,N,6,6,1225394,1225394,759,759,62,1,,14
2,N,6,6,1727182,1727182,760,760,21,1,,3
2,N,31,36,9798428,11028892,761,761,7,1,,21
2,N,3,10,1856000,4554503,762,762,7,1,,17
2,N,2,17,154000,2002726,763,763,7,1,,21
2,N,4,4,1386620,1386620,764,764,5,1,,9
2,N,1,13,285950,2482885,765,765,1,1,,13
2,N,70,80,43325894,50011244,766,766,7,1,,11
2,N,2,17,154000,2002726,767,767,7,1,,21
2,N,3,4,1392958,1752958,768,768,105,1,,1
2,N,6,8,2696645,3386812,769,769,15,1,,7
2,N,4,4,1728178,1728178,770,770,100,1,,8
2,N,3,17,482878,3190034,771,771,5,1,,19
2,N,61,80,38156275,47935755,772,772,25,1,,13
3,N,6,8,4352409,5256409,773,773,4,1,,43
3,N,8,26,2130497,9948686,774,774,81,1,,17
3,N,2,4,506250,1599100,775,775,106,1,,9
3,N,4,36,2118392,22307073,776,776,7,1,,18
2,N,14,16,10753682,11053682,777,777,66,1,,14
2,N,16,16,6633002,6633002,778,778,17,1,,13
2,N,3,10,811950,1650786,779,779,39,1,,42
2,N,33,35,14621414,16094232,780,780,107,1,,7
2,N,14,162,5497833,67445552,781,781,13,1,,7
2,N,13,38,4131390,10265552,782,782,1,1,,13
2,N,7,17,2381707,4703703,783,783,17,1,,13
2,N,3,3,1603450,1603450,784,784,96,1,,33
2,N,16,18,7681942,8174634,785,785,108,1,,5
2,N,6,17,1367240,4703703,786,786,7,1,,13
2,N,6,10,6458920,8696347,787,787,7,1,,18
2,N,4,9,1549600,3055273,788,788,7,1,,13
1,N,3,4,1270772,1536772,789,789,21,1,,16
1,N,18,18,8274503,8274503,790,790,7,1,,17
1,N,1,1,475950,475950,791,791,7,1,,2
2,N,1,23,1178000,13028569,792,792,15,1,,13
2,N,2,51,437187,29035667,793,793,17,1,,1
1,N,3,3,1092207,1092207,794,794,4,1,,19
1,N,2,2,1154000,1154000,795,795,94,1,,4
1,N,3,4,931250,1456280,796,796,1,1,,4
2,N,16,16,6633002,6633002,797,797,72,1,,13
2,N,7,162,2800641,67445552,798,798,109,1,,1
1,N,5,9,1462960,2337710,799,799,4,1,,1
1,N,2,2,582500,582500,800,800,7,1,,2
1,N,5,25,3174500,13653322,801,801,25,1,,41
1,N,3,3,659400,659400,802,802,4,1,,9
2,N,15,27,7570096,16635708,803,803,7,1,,11
2,N,14,162,5497833,67445552,804,804,13,1,,16
1,N,6,7,1136340,1545787,805,805,13,1,,9
1,N,8,12,2823100,3892550,806,806,102,1,,17
2,N,11,17,7888287,10213491,807,807,1,1,,17
2,N,6,8,1471662,1847066,808,808,12,1,,17
2,N,2,2,612380,612380,809,809,9,1,,29
2,N,7,7,1756786,1756786,810,810,110,1,,20
2,N,1,2,216000,864000,811,811,7,1,,17
2,N,7,7,1756786,1756786,812,812,9,1,,20
2,N,2,6,1964007,4714507,813,813,111,1,,29
2,N,1,8,317500,1901592,814,814,4,1,,25
2,N,1,5,243117,1961244,815,815,70,1,,20
2,N,3,5,1107296,1295296,816,816,5,1,,16
2,N,2,3,833000,1101000,817,817,112,1,,16
2,N,3,6,3827300,5259250,818,818,1,1,,4
2,N,10,13,3342193,4612574,819,819,58,1,,4
2,N,4,11,1814314,5609264,820,820,22,1,,16
1,N,3,3,577268,577268,821,821,7,1,,1
1,N,5,11,1630970,3301849,822,822,2,1,,2
1,N,3,6,790750,1999750,823,823,1,1,,29
2,N,61,80,38156275,47935755,824,824,46,1,,13
1,N,9,9,2677724,2677724,825,825,7,1,,15
1,N,2,2,391080,391080,826,826,15,1,,17
1,N,2,2,675000,675000,827,827,13,1,,21
1,N,3,3,1092207,1092207,828,828,22,1,,19
1,N,18,18,8274503,8274503,829,829,7,1,,17
1,N,5,9,1138452,2098952,830,830,21,1,,21
1,N,3,3,1488000,1488000,831,831,4,1,,4
1,N,12,12,4112465,4112465,832,832,7,1,,29
1,N,2,22,791250,5430779,833,833,5,1,,21
1,N,3,3,659400,659400,834,834,4,1,,9
1,N,8,12,2823100,3892550,835,835,113,1,,17
2,N,4,8,1174738,2847138,836,836,17,1,,34
1,N,5,22,1555011,5430779,837,837,1,1,,21
2,N,2,8,375404,1847066,838,838,12,1,,17
2,N,1,8,1051846,6412966,839,839,114,1,,4
2,N,1,1,196377,196377,840,840,9,1,,31
2,N,5,8,1912525,3268333,841,841,35,1,,19
2,N,61,80,38156275,47935755,842,842,115,1,,13
2,N,8,23,2900493,9971543,843,843,7,1,,11
2,N,3,7,1799155,3876555,844,844,7,1,,13
2,N,1,10,418000,5437874,845,845,26,1,,16
2,N,12,29,4324913,9738808,846,846,21,1,,39
2,N,4,20,3466199,12350528,847,847,102,1,,5
2,N,70,80,43325894,50011244,848,848,7,1,,11
2,N,4,8,751220,2119515,849,849,25,1,,13
2,N,16,17,14380700,14988132,850,850,1,1,,35
2,N,4,8,1174738,2847138,851,851,116,1,,34
2,N,4,11,1814314,5609264,852,852,4,1,,16
2,N,18,50,3414299,15125609,853,853,1,1,,13
2,N,2,3,2461309,2631709,854,854,7,1,,4
2,N,61,80,38156275,47935755,855,855,76,1,,13
2,N,13,13,11496457,11496457,856,856,1,1,,18
3,N,10,22,15977500,27403820,857,857,52,1,,4
3,N,2,5,926453,2656016,858,858,7,1,,10
3,N,10,22,15977500,27403820,859,859,117,1,,4
3,N,1,36,550000,22307073,860,860,4,1,,4
3,N,6,6,2768763,2768763,861,861,9,1,,10
4,N,4,49,1755850,20431420,862,862,67,1,,32
4,N,7,7,2855405,2855405,863,863,1,1,,13
4,N,4,5,1779000,2043000,864,864,4,1,,4
4,N,4,49,1755850,20431420,865,865,4,1,,13
1,N,15,17,5212925,5658925,866,866,1,1,,16
2,N,8,8,5104914,5104914,867,867,17,1,,4
2,N,9,47,3696892,16915354.25,868,868,4,1,,3
1,N,23,23,6044574,6044574,869,869,7,1,,1
1,N,15,17,5212925,5658925,870,870,21,1,,16
1,N,12,12,4112465,4112465,871,871,25,1,,29
1,N,15,20,8272065,9760564,872,872,26,1,,6
1,N,9,9,4773361,4773361,873,873,1,1,,5
1,N,12,12,7600750,7600750,874,874,72,1,,13
2,N,7,47,1988935,16915354.25,875,875,4,1,,50
2,N,7,49,3023043,18329432,876,876,14,1,,25
1,N,15,20,8272065,9760564,877,877,118,1,,6
2,N,7,7,4554529,4554529,878,878,1,1,,11
2,N,3,33,934721,10073187,879,879,17,1,,6
2,N,6,10,3743099,5098854,880,880,4,1,,9
2,N,2,12,859952,3759304,881,881,15,1,,9
2,N,1,1,291830,291830,882,882,5,1,,19
2,N,5,9,2430436,3116436,883,883,7,1,,4
2,N,13,18,6275374,8128174,884,884,7,1,,26
2,N,4,10,248100,1650786,885,885,2,1,,47
2,N,7,12,1119711,2244336,886,886,1,1,,21
2,N,3,10,1352391,4633846,887,887,1,1,,11
2,N,18,18,5346157,5346157,888,888,17,1,,10
2,N,1,7,189000,1442013,889,889,1,1,,25
2,N,7,51,4735488,29035667,890,890,4,1,,3
2,N,27,97,4807863,24831632.51,891,891,1,1,,21
3,N,6,26,2678995,9948686,892,892,21,1,,9
3,N,9,36,4720600,22307073,893,893,7,1,,18
2,N,3,162,651632,67445552,894,894,1,1,,1
2,N,1,8,694500,2847138,895,895,26,1,,4
2,N,17,22,3928987,4694567,896,896,15,1,,13
2,N,8,10,4440374,5437874,897,897,1,1,,16
2,N,7,37,1943803,10224398,898,898,28,1,,13
2,N,14,14,5563214,5563214,899,899,17,1,,16
2,N,5,33,1450864,10073187,900,900,26,1,,6
2,N,13,162,5311322,67445552,901,901,24,1,,16
2,N,10,38,2084100,10010882,902,902,12,1,,24
2,N,14,162,5497833,67445552,903,903,7,1,,1
2,N,5,7,1380309,2647559,904,904,7,1,,17
2,N,11,162,4412219,67445552,905,905,119,1,,1
2,N,1,162,471200,67445552,906,906,7,1,,1
2,N,70,80,43325894,50011244,907,907,14,1,,11
2,N,14,162,5497833,67445552,908,908,21,1,,16
2,N,5,9,2925500,6850100,909,909,51,1,,11
2,N,12,50,5777592,15125609,910,910,32,1,,32
2,N,14,19,3597281,4925187,911,911,107,1,,24
2,N,15,27,10452980,16838877,912,912,120,1,,16
2,N,12,50,5777592,15125609,913,913,3,1,,32
2,N,31,36,9798428,11028892,914,914,12,1,,21
2,N,27,97,4807863,24831632.51,915,915,1,1,,21
2,N,4,26,1311774,10219421,916,916,7,1,,13
2,N,5,9,1424787,2268216,917,917,22,1,,19
2,N,14,19,3597281,4925187,918,918,121,1,,24
2,N,2,9,295000,2970310,919,919,7,1,,16
2,N,1,4,739018,2165693,920,920,15,1,,18
2,N,8,14,4889693,7091334,921,921,1,1,,30
2,N,3,3,1163000,1163000,922,922,7,1,,10
2,N,27,97,4807863,24831632.51,923,923,62,1,,21
2,N,19,21,4443861,4877861,924,924,53,1,,12
2,N,7,15,3178950,6956882,925,925,1,1,,16
2,N,7,97,1212696,24831632.51,926,926,32,1,,21
2,N,19,19,8640266,8640266,927,927,7,1,,13
2,N,61,80,38156275,47935755,928,928,76,1,,13
2,N,1,11,204232,1521859,929,929,17,1,,25
2,N,17,22,3928987,4694567,930,930,15,1,,13
2,N,6,20,1760416,6177739,931,931,12,1,,12
2,N,8,8,2884764,2884764,932,932,7,1,,9
2,N,12,29,4324913,9738808,933,933,7,1,,39
2,N,3,162,1841400,67445552,934,934,34,1,,1
2,N,2,17,638693,5710286,935,935,7,1,,34
2,N,2,9,285721,1961790,936,936,122,1,,15
2,N,7,23,1173769,6055370,937,937,7,1,,32
1,N,18,18,8274503,8274503,938,938,15,1,,23
1,N,3,7,739383,2256355,939,939,7,1,,2
1,N,1,1,365750,365750,940,940,7,1,,15
1,N,5,12,1104210,3164877,941,941,5,1,,13
1,N,1,5,268000,1022950,942,942,38,1,,9
1,N,3,3,577268,577268,943,943,9,1,,1
1,N,27,27,17995948,17995948,944,944,4,1,,16
1,N,10,10,4103176,4103176,945,945,110,1,,9
1,N,6,20,4081500,9324945,946,946,81,1,,20
1,N,15,15,1565817,1565817,947,947,12,1,,15
1,N,1,22,172000,5430779,948,948,39,1,,21
1,N,4,4,1402460,1402460,949,949,1,1,,17
1,N,2,3,1750000,2120500,950,950,21,1,,11
1,N,15,15,1565817,1565817,951,951,41,1,,15
2,N,10,97,2222440,24831632.51,952,952,32,1,,21
2,N,10,97,2222440,24831632.51,953,953,15,1,,21
2,N,19,19,8640266,8640266,954,954,1,1,,13
2,N,31,36,9798428,11028892,955,955,4,1,,21
2,N,3,3,1163000,1163000,956,956,7,1,,10
2,N,11,33,3577795,10073187,957,957,7,1,,6
2,N,4,20,3466199,12350528,958,958,1,1,,29
2,N,3,24,651915,8861025,959,959,1,1,,15
2,N,3,25,1759055,9690271,960,960,51,1,,10
2,N,3,49,1237618,18329432,961,961,15,1,,10
2,N,5,49,1911084,18329432,962,962,14,1,,9
2,N,5,49,1911084,18329432,963,963,21,1,,10
2,N,4,27,1369639,11153860,964,964,1,1,,9
2,N,8,24,2327279,8861025,965,965,7,1,,1
2,N,6,24,2982000,8861025,966,966,7,1,,9
2,N,10,12,2899352,3759304,967,967,20,1,,6
2,N,6,26,2660621,10815428,968,968,25,1,,16
2,N,1,7,1616000,5566315,969,969,51,1,,35
2,N,2,2,1142133,1142133,970,970,123,1,,3
2,N,4,4,1536000,1536000,971,971,7,1,,11
2,N,5,21,839476,5876758.73,972,972,2,1,,23
2,N,7,51,4735488,29035667,973,973,124,1,,3
2,N,5,23,2944500,13028569,974,974,1,1,,13
2,N,8,8,5104914,5104914,975,975,17,1,,21
2,N,11,33,3577795,10073187,976,976,1,1,,11
2,N,2,2,654000,654000,977,977,15,1,,9
2,N,24,24,7694992,7694992,978,978,8,1,,39
2,N,7,17,2381707,4703703,979,979,7,1,,13
2,N,1,27,449000,16838877,980,980,7,1,,16
2,N,8,11,4888581,6393471,981,981,125,1,,3
2,N,19,51,11849494,29035667,982,982,7,1,,16
2,N,3,23,964608,6663491,983,983,66,1,,23
2,N,11,37,4145000,13126580,984,984,74,1,,9
2,N,7,8,2264562,2604562,985,985,2,1,,38
2,N,3,6,1378650,3166650,986,986,1,1,,11
2,N,2,8,1177480,2839649,987,987,15,1,,17
2,N,6,6,1860970,1860970,988,988,9,1,,6
2,N,4,33,1300443,12036790,989,989,15,1,,23
2,N,8,8,3428675,3428675,990,990,1,1,,4
2,N,2,7,1029030,1986342,991,991,13,1,,13
2,N,12,14,3535256,4166806,992,992,1,1,,9
2,N,7,13,4047837,5917661,993,993,21,1,,11
2,N,4,4,3217287,3217287,994,994,1,1,,4
2,N,1,4,2816000,3733416,995,995,4,1,,7
2,N,6,8,2696645,3386812,996,996,15,1,,7
2,N,4,4,645000,645000,997,997,126,1,,19
3,N,10,22,15977500,27403820,998,998,51,1,,4
3,N,1,36,854000,22307073,999,999,65,1,,18
3,N,2,6,1206000,5256500,1000,1000,4,1,,4
3,N,12,22,11426320,27403820,1001,1001,4,1,,4
2,N,6,37,1698402,10224398,1002,1002,17,1,,24
2,N,4,4,1526321,1526321,1003,1003,17,1,,23
2,N,7,18,3965600,9433525,1004,1004,7,1,,16
2,N,6,11,1371455,2571618,1005,1005,15,1,,27
1,N,2,2,1174150,1174150,1006,1006,1,1,,9
1,N,10,10,4103176,4103176,1007,1007,117,1,,9
1,N,3,3,577268,577268,1008,1008,5,1,,1
1,N,4,25,2133000,13653322,1009,1009,117,1,,11
1,N,4,8,884923,1973691,1010,1010,58,1,,8
2,N,4,4,1377000,1377000,1011,1011,14,1,,11
2,N,1,7,600000,5566315,1012,1012,7,1,,35
2,N,6,80,2808480,47935755,1013,1013,7,1,,13
2,N,6,80,2808480,47935755,1014,1014,3,1,,4
2,N,3,3,968932,968932,1015,1015,4,1,,19
2,N,6,11,1768223,3118729,1016,1016,12,1,,4
2,N,3,33,422100,10073187,1017,1017,58,1,,11
2,N,9,50,3548227,15125609,1018,1018,7,1,,13
2,N,12,97,4859577,24831632.51,1019,1019,1,1,,21
2,N,7,97,2634959,24831632.51,1020,1020,1,1,,21
2,N,33,35,14621414,16094232,1021,1021,48,1,,20
2,N,11,162,6505933,67445552,1022,1022,7,1,,1
2,N,18,18,5346157,5346157,1023,1023,41,1,,10
2,N,6,6,2128806,2128806,1024,1024,4,1,,34
2,N,3,7,1176521,2936417,1025,1025,17,1,,18
2,N,6,17,2391766,6652915,1026,1026,9,1,,34
2,N,1,3,475000,1080520,1027,1027,20,1,,4
2,N,1,5,322500,1442500,1028,1028,7,1,,8
2,N,1,3,332010,686576,1029,1029,1,1,,10
2,N,7,12,1481479,2545783,1030,1030,17,1,,23
2,N,4,5,648431,1021449,1031,1031,7,1,,25
2,N,2,8,341634,1901592,1032,1032,17,1,,25
2,N,19,38,5516416,10010882,1033,1033,4,1,,24
2,N,12,50,5777592,15125609,1034,1034,1,1,,32
2,N,5,27,4277028,16635708,1035,1035,1,1,,11
2,N,13,162,5311322,67445552,1036,1036,7,1,,16
2,N,20,51,11465498,29035667,1037,1037,26,1,,16
2,N,5,23,2674175,13028569,1038,1038,7,1,,13
2,N,70,80,43325894,50011244,1039,1039,58,1,,11
2,N,6,8,1460513,1900598,1040,1040,127,1,,23
2,N,10,29,1498245,9738808,1041,1041,43,1,,28
2,N,5,21,839476,5876758.73,1042,1042,13,1,,23
2,N,8,8,5104914,5104914,1043,1043,5,1,,4
2,N,3,24,1469738,12464281,1044,1044,17,1,,10
2,N,4,10,1999920,6629667,1045,1045,7,1,,4
2,N,5,7,6280500,8626400,1046,1046,52,1,,4
2,N,6,21,1905151,7070806,1047,1047,7,1,,13
2,N,31,36,9798428,11028892,1048,1048,7,1,,21
2,N,1,50,266800,15125609,1049,1049,128,1,,13
2,N,3,11,1829224,5814786,1050,1050,95,1,,4
2,N,3,17,1040750,5710286,1051,1051,7,1,,8
2,N,14,16,10753682,11053682,1052,1052,77,1,,4
2,N,4,11,578000,5814786,1053,1053,77,1,,4
2,N,7,24,3191450,12464281,1054,1054,77,1,,10
2,N,5,7,6280500,8626400,1055,1055,13,1,,4
2,N,7,11,565992,1762123,1056,1056,58,1,,23
2,N,3,11,813171,1762123,1057,1057,7,1,,23
2,N,3,20,1422603,13928730,1058,1058,5,1,,4
2,N,1,4,1252000,4650900,1059,1059,4,1,,4
2,N,6,6,2128806,2128806,1060,1060,20,1,,34
2,N,1,2,255000,407956,1061,1061,4,1,,8
2,N,4,5,648431,1021449,1062,1062,2,1,,25
2,N,7,12,1481479,2545783,1063,1063,17,1,,25
2,N,5,5,1308312,1308312,1064,1064,21,1,,22
2,N,1,14,486034,3286721,1065,1065,129,1,,15
2,N,1,162,233750,67445552,1066,1066,7,1,,1
2,N,33,35,14621414,16094232,1067,1067,15,1,,9
2,N,17,21,8877207,9728193,1068,1068,7,1,,39
2,N,17,22,3928987,4694567,1069,1069,15,1,,13
2,N,6,7,1712288,2712288,1070,1070,15,1,,36
2,N,61,80,38156275,47935755,1071,1071,24,1,,13
4,N,11,49,4241495,20431420,1072,1072,7,1,,13
1,N,7,9,1936054,2356045,1073,1073,21,1,,6
1,N,4,6,1184450,1767096,1074,1074,17,1,,20
1,N,6,7,2665320,2680320,1075,1075,1,1,,6
1,N,2,2,2265180,2265180,1076,1076,1,1,,4
1,N,1,1,423000,423000,1077,1077,130,1,,17
1,N,5,11,1630970,3301849,1078,1078,7,1,,2
1,N,27,27,17995948,17995948,1079,1079,1,1,,3
1,N,27,27,17995948,17995948,1080,1080,4,1,,3
1,N,8,11,1789157,2418157,1081,1081,8,1,,1
1,N,2,7,660870,2256355,1082,1082,7,1,,2
2,N,20,51,11465498,29035667,1083,1083,4,1,,16
1,N,27,27,17995948,17995948,1084,1084,1,1,,3
1,N,12,12,4112465,4112465,1085,1085,6,1,,37
1,N,1,3,607960,1316960,1086,1086,20,1,,4
1,N,1,4,378100,3261775,1087,1087,1,1,,13
2,N,4,20,1237285,6177739,1088,1088,13,1,,47
2,N,4,21,349955,3494543,1089,1089,58,1,,13
2,N,5,12,1124625,2244336,1090,1090,1,1,,21
2,N,3,9,486204,1680804,1091,1091,1,1,,47
2,N,5,9,1000800,1680804,1092,1092,58,1,,12
2,N,7,16,2420132,4650032,1093,1093,1,1,,9
2,N,11,37,4145000,13126580,1094,1094,101,1,,9
2,N,24,24,7694992,7694992,1095,1095,41,1,,39
2,N,1,7,270000,2126818,1096,1096,7,1,,23
2,N,1,49,160000,18329432,1097,1097,7,1,,34
2,N,8,24,2327279,8861025,1098,1098,7,1,,39
2,N,4,25,1450278,9690271,1099,1099,13,1,,17
2,N,1,47,402000,16915354.25,1100,1100,7,1,,34
2,N,3,25,1370471,9690271,1101,1101,7,1,,10
2,N,2,49,421924,18329432,1102,1102,13,1,,23
2,N,1,25,237755,9690271,1103,1103,13,1,,20
2,N,5,5,755946,755946,1104,1104,12,1,,9
1,N,17,17,11371125,11371125,1105,1105,21,1,,16
1,N,3,4,1270772,1536772,1106,1106,9,1,,16
1,N,15,17,5212925,5658925,1107,1107,7,1,,16
1,N,3,4,1475550,1871550,1108,1108,4,1,,7
1,N,23,23,6044574,6044574,1109,1109,30,1,,1
1,N,6,6,1742225,1742225,1110,1110,7,1,,13
1,N,6,25,4265440,13653322,1111,1111,51,1,,11
1,N,1,4,400000,1837400,1112,1112,4,1,,4
1,N,3,3,1345800,1345800,1113,1113,7,1,,9
1,N,5,11,1630970,3301849,1114,1114,131,1,,2
1,N,6,39,2738460,15863938,1115,1115,7,1,,17
1,N,3,8,3257000,9562250,1116,1116,132,1,,4
1,N,27,27,17995948,17995948,1117,1117,5,1,,3
1,N,2,17,488089,4581360,1118,1118,9,1,,19
1,N,3,3,2285968,2285968,1119,1119,4,1,,4
1,N,5,5,1508500,1508500,1120,1120,7,1,,49
1,N,6,6,1742225,1742225,1121,1121,7,1,,13
1,N,2,2,1697400,1697400,1122,1122,34,1,,18
2,N,9,11,1951962,2600362,1123,1123,7,1,,17
2,N,10,20,3180038,6177739,1124,1124,12,1,,12
2,N,16,17,14380700,14988132,1125,1125,4,1,,35
1,N,1,3,260000,1111668,1126,1126,7,1,,17
2,N,5,162,1736962,67445552,1127,1127,60,1,,29
2,N,14,162,5497833,67445552,1128,1128,7,1,,1
1,N,15,17,5212925,5658925,1129,1129,72,1,,16
2,N,2,9,368550,1681232,1130,1130,20,1,,28
2,N,14,19,3597281,4925187,1131,1131,121,1,,24
2,N,8,21,3014410,6819006,1132,1132,9,1,,18
2,N,61,80,38156275,47935755,1133,1133,1,1,,13
2,N,3,14,1098016,3286721,1134,1134,7,1,,17
3,N,3,3,1440000,1440000,1135,1135,4,1,,17
3,N,2,4,506250,1599100,1136,1136,106,1,,9
3,N,1,27,705127,20174847,1137,1137,8,1,,4
2,N,8,23,2227161,6055370,1138,1138,1,1,,32
2,N,2,29,1922000,9738808,1139,1139,4,1,,39
3,N,10,22,15977500,27403820,1140,1140,133,1,,4
4,N,4,49,1755850,20431420,1141,1141,7,1,,13
4,N,4,9,2537000,4107300,1142,1142,3,1,,13
2,N,12,26,2078641,4216595,1143,1143,58,1,,36
2,N,7,7,2042139,2042139,1144,1144,15,1,,27
2,N,3,25,950047,7926378.22,1145,1145,12,1,,20
4,N,4,49,791500,20431420,1146,1146,1,1,,13
2,N,2,2,661867,661867,1147,1147,134,1,,9
2,N,3,9,3142750,6850100,1148,1148,1,1,,11
2,N,8,9,4658321,4938321,1149,1149,51,1,,29
2,N,61,80,38156275,47935755,1150,1150,38,1,,13
2,N,33,35,14621414,16094232,1151,1151,15,1,,25
2,N,8,10,4440374,5437874,1152,1152,4,1,,16
2,N,9,14,1486671,3286721,1153,1153,12,1,,15
2,N,19,51,11849494,29035667,1154,1154,4,1,,16
2,N,12,26,2078641,4216595,1155,1155,58,1,,36
2,N,4,4,1526321,1526321,1156,1156,1,1,,23
2,N,3,97,563674,24831632.51,1157,1157,26,1,,21
2,N,2,12,700500,5042775,1158,1158,27,1,,21
2,N,10,13,3342193,4612574,1159,1159,22,1,,4
2,N,31,36,9798428,11028892,1160,1160,15,1,,21
2,N,3,33,422100,10073187,1161,1161,39,1,,11
2,N,6,17,1367240,4703703,1162,1162,20,1,,13
2,N,4,8,1174738,2847138,1163,1163,1,1,,4
2,N,2,20,3002000,12350528,1164,1164,51,1,,29
2,N,3,12,1905940,5042775,1165,1165,1,1,,22
2,N,27,162,9813425,67445552,1166,1166,1,1,,1
2,N,27,27,14605295,14605295,1167,1167,5,1,,16
2,N,15,27,10452980,16838877,1168,1168,7,1,,16
2,N,6,11,1371455,2571618,1169,1169,7,1,,27
2,N,31,36,9798428,11028892,1170,1170,41,1,,21
2,N,8,23,2900493,9971543,1171,1171,7,1,,6
2,N,1,2,420000,960000,1172,1172,1,1,,16
2,N,1,1,426075,426075,1173,1173,1,1,,17
2,N,4,10,248100,1650786,1174,1174,58,1,,47
2,N,2,2,497816,497816,1175,1175,9,1,,27
2,N,3,4,614923,763423,1176,1176,4,1,,17
2,N,3,25,950047,7926378.22,1177,1177,58,1,,20
2,N,2,3,354566,686576,1178,1178,12,1,,34
2,N,1,17,505000,6652915,1179,1179,15,1,,34
2,N,2,17,751320,6652915,1180,1180,4,1,,34
2,N,14,162,5497833,67445552,1181,1181,5,1,,1
2,N,3,33,934721,10073187,1182,1182,45,1,,11
2,N,2,23,605600,5186156,1183,1183,7,1,,13
2,N,3,14,1098016,3286721,1184,1184,1,1,,15
2,N,24,24,7694992,7694992,1185,1185,9,1,,39
2,N,12,29,4324913,9738808,1186,1186,1,1,,39
2,N,20,37,6278231,10766259,1187,1187,15,1,,39
2,N,7,22,4201800,13919313,1188,1188,102,1,,16
2,N,3,6,625100,957239,1189,1189,7,1,,47
2,N,5,37,1167030,10224398,1190,1190,26,1,,13
2,N,3,11,278905,1521859,1191,1191,2,1,,25
2,N,7,37,1625359,10224398,1192,1192,9,1,,13
2,N,15,27,10452980,16838877,1193,1193,52,1,,16
2,N,5,5,1483970,1483970,1194,1194,61,1,,8
2,N,6,23,2258444,13028569,1195,1195,1,1,,17
2,N,8,17,2333135,5754347.32,1196,1196,1,1,,10
2,N,6,23,1370080,6663491,1197,1197,9,1,,17
2,N,2,2,1266900,1266900,1198,1198,135,1,,11
2,N,7,8,2264562,2604562,1199,1199,13,1,,38
2,N,4,19,867037,4527996,1200,1200,7,1,,25
2,N,4,4,1163800,1163800,1201,1201,7,1,,39
2,N,1,1,376815,376815,1202,1202,9,1,,11
2,N,5,5,1438703,1438703,1203,1203,7,1,,7
2,N,2,37,811500,13126580,1204,1204,1,1,,9
2,N,4,33,1259860,12036790,1205,1205,9,1,,10
2,N,3,6,633558,1047352,1206,1206,15,1,,20
2,N,2,10,1558605,4633846,1207,1207,136,1,,11
2,N,5,7,936743,1268243,1208,1208,9,1,,21
2,N,1,19,179200,4527996,1209,1209,137,1,,25
2,N,5,12,1124625,2244336,1210,1210,1,1,,21
2,N,3,4,1392958,1752958,1211,1211,4,1,,16
2,N,2,6,398886,1480815,1212,1212,62,1,,13
2,N,1,16,250000,4650032,1213,1213,7,1,,21
2,N,7,17,787538,2002726,1214,1214,8,1,,21
2,N,3,19,529558,4527996,1215,1215,12,1,,25
2,N,70,80,43325894,50011244,1216,1216,4,1,,11
1,N,2,20,612499,9760564,1217,1217,1,1,,6
1,N,1,1,192214,192214,1218,1218,45,1,,21
1,N,6,7,2665320,2680320,1219,1219,7,1,,6
1,N,27,27,17995948,17995948,1220,1220,1,1,,3
1,N,12,12,4112465,4112465,1221,1221,1,1,,29
1,N,9,9,2224497,2224497,1222,1222,117,1,,46
1,N,2,2,2265180,2265180,1223,1223,138,1,,4
1,N,2,2,582500,582500,1224,1224,7,1,,2
1,N,12,12,7600750,7600750,1225,1225,72,1,,13
1,N,7,9,1936054,2356045,1226,1226,2,1,,6
1,N,20,39,7486371,15863938,1227,1227,7,1,,17
1,N,8,11,1789157,2418157,1228,1228,22,1,,1
1,N,4,11,1863400,5173621,1229,1229,7,1,,9
1,N,5,25,3174500,13653322,1230,1230,91,1,,11
2,N,3,38,908965,10010882,1231,1231,7,1,,24
1,N,3,25,1451582,13653322,1232,1232,22,1,,41
4,N,1,9,269100,4107300,1233,1233,139,1,,13
1,N,4,4,1169531,1169531,1234,1234,1,1,,11
1,N,1,1,515211,515211,1235,1235,22,1,,9
4,N,4,49,791500,20431420,1236,1236,4,1,,25
2,N,1,8,207000,2847138,1237,1237,94,1,,4
1,N,2,5,1004032,1781076,1238,1238,4,1,,8
1,N,23,23,6044574,6044574,1239,1239,38,1,,1
1,N,3,9,649500,2150951,1240,1240,140,1,,13
2,N,15,27,10452980,16838877,1241,1241,78,1,,16
2,N,1,17,310000,5710286,1242,1242,4,1,,18
2,N,3,11,1090535,4693551,1243,1243,1,1,,13
2,N,16,16,6633002,6633002,1244,1244,24,1,,13
2,N,70,80,43325894,50011244,1245,1245,21,1,,11
2,N,19,21,4443861,4877861,1246,1246,12,1,,17
2,N,1,37,258400,10224398,1247,1247,4,1,,13
2,N,6,38,969861,10265552,1248,1248,58,1,,13
2,N,19,21,4443861,4877861,1249,1249,58,1,,12
2,N,6,38,969861,10265552,1250,1250,12,1,,13
1,N,3,25,784800,13653322,1251,1251,1,1,,11
1,N,5,5,2787484,2787484,1252,1252,34,1,,17
2,N,27,97,4807863,24831632.51,1253,1253,15,1,,21
1,N,3,3,2285968,2285968,1254,1254,34,1,,4
1,N,27,27,17995948,17995948,1255,1255,4,1,,3
2,N,10,97,2222440,24831632.51,1256,1256,1,1,,21
2,N,27,97,4807863,24831632.51,1257,1257,1,1,,21
2,N,3,10,1377000,4554503,1258,1258,7,1,,17
2,N,11,11,5306844,5306844,1259,1259,51,1,,25
2,N,8,30,2815240,14570030,1260,1260,7,1,,11
3,N,1,1,997000,997000,1261,1261,4,1,,4
3,N,1,8,564000,5256409,1262,1262,1,1,,5
3,N,8,26,2130497,9948686,1263,1263,7,1,,17
3,N,3,27,2385250,20174847,1264,1264,34,1,,10
3,N,4,27,2531635,20174847,1265,1265,4,1,,4
3,N,10,22,15977500,27403820,1266,1266,61,1,,4
4,N,4,9,1301200,4107300,1267,1267,20,1,,13
4,N,8,49,3026000,20431420,1268,1268,141,1,,13
1,N,4,7,1312915,1765915,1269,1269,28,1,,15
1,N,3,11,589379,3301849,1270,1270,2,1,,2
4,N,3,11,1011726,4558394,1271,1271,17,1,,13
1,N,2,2,885000,885000,1272,1272,28,1,,11
1,N,5,9,1138452,2098952,1273,1273,22,1,,21
1,N,23,23,6044574,6044574,1274,1274,25,1,,1
1,N,5,5,1713490,1713490,1275,1275,4,1,,1
1,N,1,1,670000,670000,1276,1276,91,1,,16
1,N,17,17,11371125,11371125,1277,1277,7,1,,16
1,N,7,39,3204625,15863938,1278,1278,7,1,,27
1,N,3,9,649500,2150951,1279,1279,7,1,,9
1,N,1,1,72000,72000,1280,1280,7,1,,2
1,N,2,6,369000,1418785,1281,1281,1,1,,1
1,N,3,3,4166200,4166200,1282,1282,34,1,,4
1,N,3,9,785100,2098952,1283,1283,142,1,,21
1,N,20,39,7486371,15863938,1284,1284,7,1,,17
1,N,2,9,1165860,3004260,1285,1285,1,1,,13
1,N,1,1,80500,80500,1286,1286,14,1,,25
2,N,8,14,4889693,7091334,1287,1287,17,1,,30
2,N,19,19,8640266,8640266,1288,1288,7,1,,13
1,N,3,3,791300,791300,1289,1289,21,1,,7
2,N,3,9,1013823,3055273,1290,1290,9,1,,13
1,N,4,7,1312915,1765915,1291,1291,7,1,,15
1,N,6,6,2305086,2305086,1292,1292,8,1,,2
2,N,5,7,1799900,2529150,1293,1293,51,1,,19
2,N,1,1,423000,423000,1294,1294,1,1,,17
2,N,10,11,3384221,3394221,1295,1295,143,1,,20
2,N,1,23,237500,6663491,1296,1296,1,1,,17
2,N,8,16,5205100,6888925,1297,1297,3,1,,25
2,N,2,8,864625,1861625,1298,1298,26,1,,29
2,N,5,23,2560250,9971543,1299,1299,1,1,,11
2,N,61,80,38156275,47935755,1300,1300,7,1,,13
2,N,4,13,1138500,5973378.91,1301,1301,11,1,,11
2,N,4,5,1134500,1688500,1302,1302,92,1,,16
2,N,10,38,2084100,10010882,1303,1303,58,1,,24
2,N,11,162,6505933,67445552,1304,1304,7,1,,16
2,N,4,26,1311774,10219421,1305,1305,1,1,,13
2,N,24,24,7694992,7694992,1306,1306,15,1,,39
2,N,5,5,1644632,1644632,1307,1307,17,1,,17
2,N,15,27,10452980,16838877,1308,1308,52,1,,16
2,N,9,47,3696892,16915354.25,1309,1309,15,1,,34
1,N,6,25,4265440,13653322,1310,1310,5,1,,11
1,N,1,2,547893,1949664,1311,1311,22,1,,4
2,N,4,27,1369639,11153860,1312,1312,144,1,,33
2,N,5,47,1679292,16915354.25,1313,1313,21,1,,1
2,N,6,24,2459831,8861025,1314,1314,17,1,,1
1,N,23,23,6044574,6044574,1315,1315,145,1,,1
1,N,6,6,1030850,1030850,1316,1316,7,1,,15
1,N,6,7,2665320,2680320,1317,1317,1,1,,6
2,N,4,25,1450278,9690271,1318,1318,7,1,,13
2,N,7,13,4047837,5917661,1319,1319,17,1,,11
1,N,5,11,1630970,3301849,1320,1320,2,1,,2
1,N,20,39,7486371,15863938,1321,1321,14,1,,17
2,N,6,19,1708201,4527996,1322,1322,21,1,,25
2,N,3,5,1480450,2214910,1323,1323,5,1,,18
2,N,5,5,755946,755946,1324,1324,11,1,,20
1,N,4,13,2186450,9254050,1325,1325,21,1,,16
2,N,17,19,4493514,5132272.37,1326,1326,94,1,,23
2,N,6,7,2590098,3139464,1327,1327,9,1,,11
1,N,4,4,1169531,1169531,1328,1328,4,1,,11
1,N,5,12,1104210,3164877,1329,1329,1,1,,13
2,N,4,37,1052580,13126580,1330,1330,1,1,,9
1,N,5,12,1104210,3164877,1331,1331,39,1,,13
1,N,7,9,1936054,2356045,1332,1332,21,1,,6
2,N,2,3,2250000,2771061,1333,1333,4,1,,4
2,N,2,21,630420,3494543,1334,1334,7,1,,13
2,N,6,23,1370080,6663491,1335,1335,4,1,,17
1,N,27,27,17995948,17995948,1336,1336,4,1,,1
1,N,5,12,1104210,3164877,1337,1337,41,1,,13
2,N,3,9,884730,2508122,1338,1338,15,1,,32
2,N,4,11,1182647,3323327,1339,1339,15,1,,17
1,N,6,10,2445959,4576453,1340,1340,146,1,,10
2,N,9,33,3584918,12036790,1341,1341,15,1,,23
1,N,8,10,3538200,4770700,1342,1342,58,1,,16
1,N,1,5,162500,2240749,1343,1343,1,1,,25
2,N,10,12,2899352,3759304,1344,1344,5,1,,6
2,N,8,8,3428675,3428675,1345,1345,17,1,,4
1,N,12,12,7600750,7600750,1346,1346,7,1,,13
2,N,1,8,300470,2839649,1347,1347,15,1,,17
2,N,17,19,4493514,5132272.37,1348,1348,58,1,,23
2,N,4,33,1262672,12036790,1349,1349,41,1,,10
2,N,1,2,150000,625200,1350,1350,7,1,,4
2,N,6,19,1708201,4527996,1351,1351,1,1,,25
2,N,12,162,4606125,67445552,1352,1352,7,1,,16
2,N,1,1,806500,806500,1353,1353,32,1,,6
2,N,10,38,2084100,10010882,1354,1354,8,1,,24
2,N,6,26,2660621,10815428,1355,1355,25,1,,16
2,N,12,97,4859577,24831632.51,1356,1356,15,1,,24
2,N,8,14,4889693,7091334,1357,1357,7,1,,30
2,N,10,21,3924135,7070806,1358,1358,38,1,,13
2,N,5,162,3936655,67445552,1359,1359,3,1,,16
2,N,61,80,38156275,47935755,1360,1360,147,1,,16
2,N,2,11,516056,3118729,1361,1361,148,1,,4
2,N,14,14,5563214,5563214,1362,1362,149,1,,16
2,N,11,97,3193890,24831632.51,1363,1363,7,1,,21
2,N,11,11,4957903,4957903,1364,1364,1,1,,25
2,N,11,97,2259655,24831632.51,1365,1365,11,1,,21
2,N,4,37,457575,10766259,1366,1366,64,1,,39
2,N,11,33,3577795,10073187,1367,1367,7,1,,11
2,N,12,50,5777592,15125609,1368,1368,17,1,,13
2,N,3,26,1340000,10219421,1369,1369,94,1,,13
2,N,2,3,555750,718250,1370,1370,7,1,,5
2,N,2,14,616500,9506960,1371,1371,7,1,,3
2,N,12,162,4606125,67445552,1372,1372,72,1,,1
2,N,3,17,958375,5754347.32,1373,1373,7,1,,10
2,N,9,33,3584918,12036790,1374,1374,15,1,,17
2,N,3,6,995762,1556977,1375,1375,45,1,,13
2,N,5,27,4277028,16635708,1376,1376,7,1,,20
2,N,4,5,1582875,2205375,1377,1377,150,1,,18
2,N,2,2,504500,504500,1378,1378,1,1,,7
2,N,2,4,564429,3733416,1379,1379,17,1,,7
2,N,5,5,1279061,1279061,1380,1380,6,1,,9
2,N,27,162,9813425,67445552,1381,1381,24,1,,1
2,N,2,4,564429,3733416,1382,1382,5,1,,7
2,N,3,17,789832,3190034,1383,1383,17,1,,19
2,N,3,17,482878,3190034,1384,1384,9,1,,19
2,N,13,13,11496457,11496457,1385,1385,3,1,,4
3,N,2,6,2440625,10713625,1386,1386,4,1,,9
3,N,4,6,4050500,5256500,1387,1387,74,1,,4
3,N,9,36,4720600,22307073,1388,1388,7,1,,18
3,N,2,36,1154287,22307073,1389,1389,15,1,,18
3,N,5,27,2061551,20174847,1390,1390,7,1,,4
3,N,6,8,4352409,5256409,1391,1391,7,1,,5
2,N,13,38,4131390,10265552,1392,1392,7,1,,13
2,N,7,14,4580460,9506960,1393,1393,52,1,,3
2,N,2,162,673574,67445552,1394,1394,9,1,,1
1,N,15,15,1565817,1565817,1395,1395,58,1,,15
2,N,3,3,481190,481190,1396,1396,5,1,,17
2,N,4,11,578000,5814786,1397,1397,77,1,,4
2,N,12,50,5777592,15125609,1398,1398,1,1,,13
2,N,1,8,546250,2142586.58,1399,1399,21,1,,23
2,N,17,19,8468293,9208393.04,1400,1400,1,1,,33
2,N,4,20,1827138,12350528,1401,1401,151,1,,5
2,N,6,18,3052800,9433525,1402,1402,7,1,,16
2,N,4,8,1789649,3961649,1403,1403,4,1,,4
2,N,1,7,388000,5566315,1404,1404,7,1,,35
2,N,1,1,373117,373117,1405,1405,8,1,,7
2,N,2,38,324132,10010882,1406,1406,17,1,,24
2,N,20,37,6278231,10766259,1407,1407,15,1,,39
2,N,3,14,1390500,7661494,1408,1408,1,1,,7
2,N,8,11,4888581,6393471,1409,1409,1,1,,17
2,N,1,10,386000,8676775,1410,1410,15,1,,26
2,N,70,80,43325894,50011244,1411,1411,7,1,,11
2,N,13,38,4131390,10265552,1412,1412,24,1,,13
2,N,3,27,2248800,16838877,1413,1413,152,1,,3
2,N,70,80,43325894,50011244,1414,1414,15,1,,11
2,N,4,4,3734780,3734780,1415,1415,1,1,,16
2,N,12,12,4198470,4198470,1416,1416,1,1,,13
2,N,5,7,1380309,2647559,1417,1417,15,1,,17
2,N,6,26,2660621,10815428,1418,1418,30,1,,1
2,N,33,35,14621414,16094232,1419,1419,31,1,,20
2,N,1,8,528650,2847138,1420,1420,1,1,,4
2,N,1,8,384085,1900598,1421,1421,7,1,,8
2,N,31,36,9798428,11028892,1422,1422,4,1,,21
2,N,4,162,1813265,67445552,1423,1423,8,1,,1
2,N,10,21,3924135,7070806,1424,1424,152,1,,19
2,N,3,21,2613022,14823107,1425,1425,3,1,,4
2,N,27,162,9813425,67445552,1426,1426,72,1,,1
2,N,3,27,2248800,16838877,1427,1427,152,1,,3
2,N,12,50,5777592,15125609,1428,1428,1,1,,13
2,N,1,7,864000,5566315,1429,1429,1,1,,35
2,N,9,50,3548227,15125609,1430,1430,7,1,,13
2,N,5,11,3138338,6098838,1431,1431,4,1,,5
2,N,13,38,4131390,10265552,1432,1432,29,1,,13
2,N,7,162,2228893,67445552,1433,1433,7,1,,16
2,N,12,50,5777592,15125609,1434,1434,1,1,,13
2,N,6,26,669316,4216595,1435,1435,12,1,,36
2,N,2,26,761623,10815428,1436,1436,9,1,,16
2,N,6,8,1460513,1900598,1437,1437,153,1,,25
2,N,6,26,669316,4216595,1438,1438,12,1,,36
2,N,6,26,669316,4216595,1439,1439,11,1,,36
2,N,27,27,14605295,14605295,1440,1440,7,1,,3
2,N,1,11,303200,1521859,1441,1441,4,1,,25
2,N,16,17,14380700,14988132,1442,1442,139,1,,35
2,N,27,27,14605295,14605295,1443,1443,1,1,,3
2,N,6,26,669316,4216595,1444,1444,92,1,,36
2,N,6,26,669316,4216595,1445,1445,92,1,,36
2,N,14,14,5563214,5563214,1446,1446,92,1,,16
2,N,7,22,4201800,13919313,1447,1447,60,1,,16
2,N,20,37,6278231,10766259,1448,1448,15,1,,39
2,N,61,80,38156275,47935755,1449,1449,7,1,,13
2,N,7,20,1197155,4568819,1450,1450,7,1,,13
2,N,3,9,750825,3122768,1451,1451,7,1,,16
2,N,5,8,1738197,3210918,1452,1452,5,1,,4
2,N,3,6,413794,1047352,1453,1453,11,1,,20
2,N,6,13,777021,2482885,1454,1454,96,1,,13
2,N,1,19,600000,5132272.37,1455,1455,28,1,,23
2,N,2,23,292500,6663491,1456,1456,4,1,,17
2,N,1,5,689525,4158197,1457,1457,13,1,,4
2,N,7,20,1197155,4568819,1458,1458,58,1,,13
2,N,7,12,1119711,2244336,1459,1459,17,1,,21
2,N,3,16,600450,4650032,1460,1460,7,1,,21
2,N,6,17,809596,2002726,1461,1461,21,1,,21
2,N,4,11,1182647,3323327,1462,1462,17,1,,17
2,N,3,3,1006305,1006305,1463,1463,26,1,,4
2,N,9,33,3584918,12036790,1464,1464,15,1,,17
2,N,1,4,352987,3733416,1465,1465,100,1,,7
2,N,2,8,690167,3386812,1466,1466,17,1,,7
2,N,2,2,335000,335000,1467,1467,1,1,,2
2,N,13,13,11496457,11496457,1468,1468,4,1,,18
2,N,8,23,3202467,8833757,1469,1469,7,1,,15
2,N,2,49,1093000,18329432,1470,1470,20,1,,26
2,N,5,11,3138338,6098838,1471,1471,154,1,,29
2,N,17,19,8468293,9208393.04,1472,1472,20,1,,33
2,N,15,27,7570096,16635708,1473,1473,14,1,,11
2,N,3,17,1332900,10213491,1474,1474,7,1,,5
2,N,4,5,1134500,1688500,1475,1475,2,1,,16
2,N,11,21,3288335,5876758.73,1476,1476,7,1,,23
2,N,12,162,4606125,67445552,1477,1477,5,1,,1
2,N,11,21,3288335,5876758.73,1478,1478,7,1,,23
2,N,11,97,2259655,24831632.51,1479,1479,62,1,,21
2,N,3,14,1178600,7091334,1480,1480,1,1,,30
2,N,7,26,1338638,4216595,1481,1481,12,1,,36
2,N,19,19,8640266,8640266,1482,1482,51,1,,13
2,N,5,21,839476,5876758.73,1483,1483,11,1,,23
2,N,4,26,1311774,10219421,1484,1484,9,1,,13
2,N,4,13,1138500,5973378.91,1485,1485,2,1,,11
2,N,2,4,1600000,3196600,1486,1486,36,1,,4
2,N,5,162,1736962,67445552,1487,1487,45,1,,29
2,N,7,26,1338638,4216595,1488,1488,41,1,,36
2,N,7,26,1338638,4216595,1489,1489,58,1,,36
2,Y,5,7,2169251,2380786,1490,1490,35,1,,32
2,N,11,97,2259655,24831632.51,1491,1491,4,1,,21
2,N,61,80,38156275,47935755,1492,1492,4,1,,13
2,N,3,162,650355,67445552,1493,1493,12,1,,37
2,N,12,162,4606125,67445552,1494,1494,24,1,,1
2,N,8,30,2815240,14570030,1495,1495,7,1,,41
2,N,10,21,3924135,7070806,1496,1496,152,1,,16
2,N,8,23,2227161,6055370,1497,1497,1,1,,32
2,N,14,19,3597281,4925187,1498,1498,21,1,,24
2,N,11,11,5306844,5306844,1499,1499,1,1,,25
2,N,8,16,5205100,6888925,1500,1500,4,1,,15
2,N,5,21,969015,3494543,1501,1501,1,1,,13
2,N,10,11,2436075,2666030,1502,1502,4,1,,23
2,N,2,2,802450,802450,1503,1503,1,1,,2
2,N,4,4,1728178,1728178,1504,1504,17,1,,8
2,N,2,8,690167,3386812,1505,1505,1,1,,7
2,N,13,13,11496457,11496457,1506,1506,5,1,,18
2,N,2,27,671317,11153860,1507,1507,8,1,,9
2,N,1,5,296000,1174988,1508,1508,57,1,,20
2,N,7,16,2420132,4650032,1509,1509,7,1,,21
2,N,1,11,165938,3323327,1510,1510,17,1,,17
2,N,1,19,224000,4527996,1511,1511,94,1,,39
2,N,2,13,1036000,5973378.91,1512,1512,4,1,,48
2,N,2,2,605000,605000,1513,1513,1,1,,26
2,N,14,19,3597281,4925187,1514,1514,20,1,,24
2,N,1,18,800000,9433525,1515,1515,1,1,,16
2,N,3,38,652138,10265552,1516,1516,7,1,,13
2,N,2,3,774100,1104750,1517,1517,155,1,,32
2,N,4,12,1226068,5042775,1518,1518,58,1,,25
2,N,3,22,1629345,13919313,1519,1519,4,1,,16
2,N,4,37,457575,10766259,1520,1520,156,1,,39
2,N,4,30,1936150,14570030,1521,1521,7,1,,48
2,N,3,37,1072584,10766259,1522,1522,15,1,,39
2,N,1,1,290000,290000,1523,1523,13,1,,17
2,N,31,36,9798428,11028892,1524,1524,7,1,,21
2,N,16,16,6633002,6633002,1525,1525,24,1,,13
2,N,5,36,1230464,11028892,1526,1526,7,1,,21
2,N,1,7,350000,2271501,1527,1527,157,1,,27
2,N,6,10,6458920,8696347,1528,1528,51,1,,18
2,N,6,11,1768223,3118729,1529,1529,58,1,,4
2,N,9,50,3548227,15125609,1530,1530,7,1,,47
2,N,7,21,3958090,14823107,1531,1531,1,1,,17
2,N,1,1,210000,210000,1532,1532,151,1,,4
2,N,5,17,870750,4532971,1533,1533,38,1,,7
2,N,3,3,1157908,1157908,1534,1534,8,1,,4
2,N,1,21,1188000,14823107,1535,1535,48,1,,4
2,N,7,24,3191450,12464281,1536,1536,7,1,,10
2,N,4,10,2720997,6629667,1537,1537,7,1,,4
2,N,13,38,4131390,10265552,1538,1538,25,1,,13
2,N,2,9,661475,2970310,1539,1539,96,1,,16
2,N,3,21,1063428,5876758.73,1540,1540,71,1,,23
2,N,2,49,604844,18329432,1541,1541,1,1,,17
2,N,24,24,7694992,7694992,1542,1542,5,1,,39
2,N,20,37,6278231,10766259,1543,1543,15,1,,39
2,N,2,49,518519,18329432,1544,1544,17,1,,49
2,N,4,25,1450278,9690271,1545,1545,32,1,,6
2,N,4,25,1450278,9690271,1546,1546,7,1,,22
2,N,7,7,3827959,3827959,1547,1547,17,1,,3
2,N,4,6,1260975,1856875,1548,1548,1,1,,13
2,N,10,11,3384221,3394221,1549,1549,58,1,,20
2,N,5,7,1340797,1889147,1550,1550,12,1,,9
2,N,5,5,2473044,2473044,1551,1551,17,1,,4
2,N,1,1,870000,870000,1552,1552,4,1,,4
2,N,11,37,4145000,13126580,1553,1553,15,1,,9
2,N,11,37,4145000,13126580,1554,1554,4,1,,9
2,N,12,14,3535256,4166806,1555,1555,110,1,,9
2,N,3,23,788210,8833757,1556,1556,14,1,,17
2,N,2,23,1277400,8833757,1557,1557,7,1,,9
2,N,5,17,870750,4532971,1558,1558,74,1,,7
2,N,8,21,3014410,6819006,1559,1559,12,1,,18
2,N,7,24,3191450,12464281,1560,1560,76,1,,10
2,N,3,14,1390500,7661494,1561,1561,1,1,,7
2,N,5,23,2944500,13028569,1562,1562,20,1,,13
2,N,3,3,1163000,1163000,1563,1563,7,1,,10
2,N,8,23,2900493,9971543,1564,1564,102,1,,11
2,N,6,7,1712288,2712288,1565,1565,17,1,,17
1,N,9,9,2770777,2770777,1566,1566,1,1,,39
1,N,5,20,1801038,9324945,1567,1567,5,1,,20
1,N,1,12,416000,3892550,1568,1568,57,1,,17
1,N,15,15,1565817,1565817,1569,1569,11,1,,15
1,N,7,22,1443880,5430779,1570,1570,11,1,,21
1,N,3,12,653450,3892550,1571,1571,1,1,,17
1,N,15,15,1565817,1565817,1572,1572,11,1,,15
2,N,6,8,1471662,1847066,1573,1573,17,1,,17
2,N,1,4,148500,763423,1574,1574,7,1,,17
2,N,7,20,7150250,13928730,1575,1575,95,1,,4
2,N,5,25,2358900,7926378.22,1576,1576,158,1,,39
2,N,1,2,648000,864000,1577,1577,4,1,,17
2,N,6,6,2128806,2128806,1578,1578,4,1,,34
2,N,2,6,770000,4131342,1579,1579,21,1,,33
2,N,5,17,1047829,6652915,1580,1580,110,1,,27
2,N,3,3,4023000,4023000,1581,1581,4,1,,4
2,N,2,2,815920,815920,1582,1582,1,1,,17
2,,5,17,870750,4532971,1583,1583,68,1,,7
1,N,4,8,884923,1973691,1584,1584,1,1,,8
1,N,8,11,1789157,2418157,1585,1585,28,1,,1
1,N,2,2,1174150,1174150,1586,1586,1,1,,9
1,N,5,8,1361402,2109369,1587,1587,1,1,,9
1,N,5,17,1289878,4581360,1588,1588,110,1,,19
1,N,3,3,1041980,1041980,1589,1589,15,1,,15
1,N,3,9,649500,2150951,1590,1590,58,1,,13
1,N,3,3,1345800,1345800,1591,1591,7,1,,9
2,N,5,37,909049,10766259,1592,1592,12,1,,39
2,N,7,24,3191450,12464281,1593,1593,77,1,,10
2,N,3,162,650355,67445552,1594,1594,8,1,,1
2,N,2,2,390919,390919,1595,1595,62,1,,39
2,N,8,9,4658321,4938321,1596,1596,7,1,,29
1,N,12,12,4112465,4112465,1597,1597,20,1,,29
1,N,8,10,3538200,4770700,1598,1598,2,1,,16
1,N,1,13,400000,9254050,1599,1599,21,1,,16
2,N,11,21,3288335,5876758.73,1600,1600,32,1,,23
2,N,27,27,14605295,14605295,1601,1601,7,1,,3
2,N,6,26,2660621,10815428,1602,1602,25,1,,16
2,N,1,2,522500,704500,1603,1603,1,1,,9
2,N,11,162,4412219,67445552,1604,1604,51,1,,37
2,N,3,11,1090535,4693551,1605,1605,1,1,,13
2,N,7,14,4580460,9506960,1606,1606,17,1,,3
2,N,17,22,3928987,4694567,1607,1607,15,1,,13
2,N,4,5,1004434,1729434,1608,1608,8,1,,20
2,N,1,13,385881,4612574,1609,1609,9,1,,4
2,N,10,38,2084100,10010882,1610,1610,12,1,,24
2,N,13,18,6275374,8128174,1611,1611,159,1,,26
2,N,8,8,2884764,2884764,1612,1612,35,1,,9
2,N,2,26,901865,10815428,1613,1613,1,1,,16
2,N,1,23,291127,5186156,1614,1614,13,1,,13
2,N,70,80,43325894,50011244,1615,1615,7,1,,11
2,N,61,80,38156275,47935755,1616,1616,7,1,,21
2,N,27,162,9813425,67445552,1617,1617,72,1,,1
2,N,27,162,9813425,67445552,1618,1618,72,1,,1
2,N,8,23,2227161,6055370,1619,1619,17,1,,32
2,N,6,20,1760416,6177739,1620,1620,12,1,,12
2,N,11,11,4957903,4957903,1621,1621,17,1,,25
2,N,10,29,1498245,9738808,1622,1622,35,1,,28
2,N,8,11,4888581,6393471,1623,1623,7,1,,17
2,N,70,80,43325894,50011244,1624,1624,21,1,,11
2,N,2,11,1755260,4693551,1625,1625,61,1,,9
2,N,3,8,1375500,3961649,1626,1626,14,1,,13
2,N,10,97,2222440,24831632.51,1627,1627,1,1,,21
2,N,1,17,209706,5710286,1628,1628,6,1,,34
1,N,3,13,2004100,9254050,1629,1629,7,1,,16
1,N,15,20,8272065,9760564,1630,1630,160,1,,6
1,N,3,3,928717,928717,1631,1631,62,1,,23
1,N,17,17,11371125,11371125,1632,1632,21,1,,16
1,N,2,2,275000,275000,1633,1633,7,1,,9
1,N,15,17,5212925,5658925,1634,1634,7,1,,16
1,N,5,5,1508500,1508500,1635,1635,7,1,,21
1,N,12,12,7600750,7600750,1636,1636,72,1,,13
2,N,4,11,1621120,6057520,1637,1637,7,1,,5
2,N,13,162,5311322,67445552,1638,1638,34,1,,16
2,N,16,17,14380700,14988132,1639,1639,5,1,,35
2,N,61,80,38156275,47935755,1640,1640,161,1,,13
2,N,70,80,43325894,50011244,1641,1641,21,1,,11
2,N,33,35,14621414,16094232,1642,1642,162,1,,39
2,N,4,4,3734780,3734780,1643,1643,3,1,,16
2,N,11,162,4412219,67445552,1644,1644,8,1,,1
2,N,9,50,3548227,15125609,1645,1645,163,1,,13
2,N,6,17,1367240,4703703,1646,1646,7,1,,13
2,N,1,10,392755,5098854,1647,1647,9,1,,9
2,N,31,36,9798428,11028892,1648,1648,7,1,,21
2,N,17,21,8877207,9728193,1649,1649,65,1,,39
2,N,70,80,43325894,50011244,1650,1650,7,1,,1
2,N,9,162,4703224,67445552,1651,1651,7,1,,1
2,N,33,35,14621414,16094232,1652,1652,1,1,,4
2,N,18,50,3414299,15125609,1653,1653,1,1,,13
2,N,20,37,6278231,10766259,1654,1654,8,1,,39
2,N,5,11,2309500,3960550,1655,1655,5,1,,16
2,N,27,27,14605295,14605295,1656,1656,52,1,,6
2,N,11,162,6505933,67445552,1657,1657,4,1,,16
2,N,5,5,1898857,1898857,1658,1658,12,1,,4
2,N,4,27,1338700,16838877,1659,1659,1,1,,16
2,N,1,1,687050,687050,1660,1660,7,1,,4
2,N,70,80,43325894,50011244,1661,1661,4,1,,46
2,N,2,14,1463000,9506960,1662,1662,26,1,,3
2,N,8,8,2884764,2884764,1663,1663,87,1,,9
2,N,8,9,4658321,4938321,1664,1664,7,1,,29
2,N,27,27,14605295,14605295,1665,1665,20,1,,3
2,N,5,5,1483970,1483970,1666,1666,7,1,,34
2,N,4,4,1070700,1070700,1667,1667,1,1,,13
2,N,2,11,648400,2600362,1668,1668,7,1,,17
2,N,12,12,4198470,4198470,1669,1669,17,1,,24
2,N,11,162,6505933,67445552,1670,1670,15,1,,1
2,N,2,8,570111,2119515,1671,1671,15,1,,2
2,N,14,19,3597281,4925187,1672,1672,4,1,,9
2,N,12,162,4606125,67445552,1673,1673,72,1,,1
2,N,6,37,1698402,10224398,1674,1674,7,1,,13
2,N,5,5,1241292,1241292,1675,1675,53,1,,39
2,N,4,23,1530440,6055370,1676,1676,14,1,,32
2,N,12,15,4615350,7913750,1677,1677,164,1,,11
2,N,1,50,541292,15125609,1678,1678,134,1,,13
2,N,8,38,2183164,10265552,1679,1679,7,1,,13
2,N,15,27,7570096,16635708,1680,1680,9,1,,11
2,N,3,9,3142750,6850100,1681,1681,165,1,,19
2,N,5,36,1230464,11028892,1682,1682,12,1,,21
2,N,7,97,2634959,24831632.51,1683,1683,1,1,,21
2,N,12,15,4615350,7913750,1684,1684,11,1,,11
2,N,5,9,1424787,2268216,1685,1685,17,1,,19
2,N,17,19,8468293,9208393.04,1686,1686,1,1,,18
2,N,27,162,9813425,67445552,1687,1687,72,1,,16
2,N,2,6,179653,1556977,1688,1688,2,1,,13
2,N,1,2,228000,435570,1689,1689,96,1,,19
2,N,7,14,4580460,9506960,1690,1690,7,1,,3
2,N,2,11,166133,1521859,1691,1691,11,1,,21
2,N,12,15,4615350,7913750,1692,1692,18,1,,11
2,N,9,12,2711900,3585760,1693,1693,7,1,,15
2,N,3,4,537500,703438,1694,1694,7,1,,31
2,N,1,29,442612,9738808,1695,1695,17,1,,39
2,N,31,36,9798428,11028892,1696,1696,7,1,,21
2,N,4,5,2014964,2789964,1697,1697,66,1,,7
2,N,9,162,4703224,67445552,1698,1698,7,1,,1
2,N,13,162,5311322,67445552,1699,1699,166,1,,16
2,N,4,9,872619,1961790,1700,1700,15,1,,15
2,N,5,23,2944500,13028569,1701,1701,5,1,,13
2,N,6,18,3052800,9433525,1702,1702,7,1,,16
2,N,7,162,2800641,67445552,1703,1703,1,1,,1
2,N,14,14,5563214,5563214,1704,1704,7,1,,16
2,N,2,8,798184,2119515,1705,1705,1,1,,13
2,N,4,4,1536000,1536000,1706,1706,1,1,,11
2,N,33,35,14621414,16094232,1707,1707,15,1,,23
2,N,2,8,775250,2142586.58,1708,1708,21,1,,23
2,N,2,14,873041,7091334,1709,1709,167,1,,30
2,N,15,27,7570096,16635708,1710,1710,21,1,,11
2,N,12,162,4606125,67445552,1711,1711,72,1,,1
2,N,6,20,1760416,6177739,1712,1712,94,1,,12
2,N,6,38,969861,10265552,1713,1713,2,1,,13
2,N,19,38,5516416,10010882,1714,1714,7,1,,13
2,N,7,50,1343994,15125609,1715,1715,12,1,,13
2,N,19,19,8640266,8640266,1716,1716,29,1,,13
2,N,3,162,1123910,67445552,1717,1717,7,1,,1
2,N,5,5,1695302,1695302,1718,1718,32,1,,23
2,N,1,1,432250,432250,1719,1719,168,1,,15
2,N,2,9,295000,2970310,1720,1720,1,1,,16
2,N,5,8,1428625,2441025,1721,1721,7,1,,6
2,N,11,33,3577795,10073187,1722,1722,7,1,,11
2,N,61,80,38156275,47935755,1723,1723,7,1,,13
2,N,7,26,1966213,10815428,1724,1724,8,1,,1
2,N,2,9,660000,1961790,1725,1725,14,1,,15
2,N,27,27,14605295,14605295,1726,1726,7,1,,3
2,N,20,51,11465498,29035667,1727,1727,7,1,,16
2,N,8,9,4658321,4938321,1728,1728,7,1,,29
2,N,12,29,4324913,9738808,1729,1729,8,1,,39
2,N,3,15,3298400,7913750,1730,1730,1,1,,11
2,N,3,38,908965,10010882,1731,1731,7,1,,24
2,N,2,24,1109357,12464281,1732,1732,1,1,,10
2,N,70,80,43325894,50011244,1733,1733,21,1,,11
2,N,4,162,2583839,67445552,1734,1734,17,1,,1
2,N,70,80,43325894,50011244,1735,1735,3,1,,11
2,N,27,97,4807863,24831632.51,1736,1736,1,1,,21
2,N,4,12,1226068,5042775,1737,1737,102,1,,18
2,N,8,38,2183164,10265552,1738,1738,32,1,,13
2,N,1,2,260200,360200,1739,1739,22,1,,17
2,N,6,97,2403809,24831632.51,1740,1740,17,1,,21
2,N,13,18,6275374,8128174,1741,1741,17,1,,26
2,N,3,8,1375500,3961649,1742,1742,15,1,,35
2,N,70,80,43325894,50011244,1743,1743,14,1,,11
2,N,3,17,1332900,10213491,1744,1744,1,1,,5
2,N,2,19,627156,4925187,1745,1745,7,1,,24
2,N,9,80,5804350,50011244,1746,1746,4,1,,11
2,N,9,162,4703224,67445552,1747,1747,7,1,,1
2,N,3,16,657000,4650032,1748,1748,4,1,,21
2,N,5,8,1428625,2441025,1749,1749,15,1,,6
2,N,4,33,1513505,12036790,1750,1750,15,1,,10
2,N,5,8,1738197,3210918,1751,1751,22,1,,4
2,N,5,7,936743,1268243,1752,1752,12,1,,21
2,N,4,33,1262672,12036790,1753,1753,15,1,,10
2,N,2,6,541608,1480815,1754,1754,110,1,,32
2,N,5,7,936743,1268243,1755,1755,11,1,,21
1,N,4,4,1892227,1892227,1756,1756,4,1,,9
1,N,12,12,7600750,7600750,1757,1757,1,1,,13
1,N,7,39,3204625,15863938,1758,1758,7,1,,51
1,N,18,18,8274503,8274503,1759,1759,7,1,,9
1,N,1,1,330400,330400,1760,1760,1,1,,10
1,N,6,6,1030850,1030850,1761,1761,58,1,,15
1,N,4,8,884923,1973691,1762,1762,15,1,,8
1,N,4,6,1184450,1767096,1763,1763,4,1,,20
1,N,4,4,1847650,1847650,1764,1764,7,1,,16
2,N,1,2,616550,1091550,1765,1765,7,1,,4
2,N,5,7,1799900,2529150,1766,1766,1,1,,19
1,N,3,3,1245425,1245425,1767,1767,5,1,,18
1,N,7,9,1838400,3004260,1768,1768,41,1,,13
1,N,6,9,1501451,2150951,1769,1769,1,1,,13
2,N,7,37,1943803,10224398,1770,1770,1,1,,13
1,N,6,39,2434482,15863938,1771,1771,13,1,,7
1,N,1,1,572800,572800,1772,1772,5,1,,17
2,N,2,4,1600000,3196600,1773,1773,169,1,,4
2,N,6,17,1428551,4532971,1774,1774,17,1,,7
1,N,10,10,4103176,4103176,1775,1775,1,1,,9
1,N,3,3,2778124,2778124,1776,1776,170,1,,5
1,N,7,11,3310221,5173621,1777,1777,4,1,,9
1,N,6,11,2899710,4287216,1778,1778,51,1,,32
1,N,7,9,1838400,3004260,1779,1779,1,1,,13
3,N,8,26,2130497,9948686,1780,1780,171,1,,17
2,N,14,23,3095491,5186156,1781,1781,7,1,,13
2,N,2,97,454109,24831632.51,1782,1782,1,1,,25
2,N,17,22,3928987,4694567,1783,1783,15,1,,13
2,N,2,10,909303,4554503,1784,1784,22,1,,8
2,N,5,7,1691818,2126818,1785,1785,17,1,,23
2,N,3,33,1147492,10073187,1786,1786,7,1,,6
4,N,4,9,2537000,4107300,1787,1787,1,1,,13
4,N,11,49,4241495,20431420,1788,1788,17,1,,25
4,N,4,9,2537000,4107300,1789,1789,51,1,,13
4,N,4,5,1779000,2043000,1790,1790,4,1,,4
4,N,3,11,1011726,4558394,1791,1791,7,1,,13
4,N,8,49,3026000,20431420,1792,1792,7,1,,13
4,N,9,49,4501048,20431420,1793,1793,38,1,,13
4,N,11,49,4241495,20431420,1794,1794,172,1,,13
4,N,4,9,1301200,4107300,1795,1795,1,1,,13
2,,15,27,7570096,16635708,1796,1796,68,1,,11
2,,,10,,4122644,1797,1797,68,1,,16
1,N,3,3,1745750,1745750,1798,1798,94,1,,4
2,N,6,8,1471662,1847066,1799,1799,17,1,,17
2,N,12,15,4615350,7913750,1800,1800,75,1,,11
2,N,8,21,3014410,6819006,1801,1801,173,1,,18
1,N,27,27,17995948,17995948,1802,1802,32,1,,3
1,N,5,8,1361402,2109369,1803,1803,21,1,,9
2,N,5,5,1438703,1438703,1804,1804,22,1,,7
2,N,2,6,541608,1480815,1805,1805,15,1,,32
2,N,3,9,884730,2508122,1806,1806,1,1,,32
2,N,7,162,2228893,67445552,1807,1807,7,1,,16
2,N,1,13,92500,2482885,1808,1808,96,1,,13
2,N,8,8,3428675,3428675,1809,1809,152,1,,39
2,N,1,1,245217,245217,1810,1810,22,1,,13
2,N,10,12,2899352,3759304,1811,1811,20,1,,6
2,N,5,13,1327414,2482885,1812,1812,9,1,,13
2,N,5,7,936743,1268243,1813,1813,4,1,,9
2,N,2,33,785985,12036790,1814,1814,15,1,,10
2,N,5,13,1327414,2482885,1815,1815,1,1,,13
2,N,6,19,1708201,4527996,1816,1816,1,1,,25
2,N,1,1,205214,205214,1817,1817,9,1,,17
2,N,2,11,636570,3766290,1818,1818,13,1,,9
2,N,17,19,4493514,5132272.37,1819,1819,13,1,,23
2,N,4,33,1513505,12036790,1820,1820,1,1,,10
2,N,11,17,1917324,3190034,1821,1821,39,1,,19
2,N,1,1,380000,380000,1822,1822,1,1,,17
2,N,6,8,2696645,3386812,1823,1823,15,1,,7
2,N,7,14,4580460,9506960,1824,1824,7,1,,3
2,N,8,9,4658321,4938321,1825,1825,27,1,,19
2,N,2,162,831725,67445552,1826,1826,63,1,,1
2,N,1,12,428000,5042775,1827,1827,23,1,,30
2,N,14,14,5563214,5563214,1828,1828,7,1,,16
2,N,4,162,2583839,67445552,1829,1829,7,1,,1
2,N,17,19,4493514,5132272.37,1830,1830,15,1,,23
2,N,2,7,531663,1442013,1831,1831,7,1,,25
2,N,4,33,1262672,12036790,1832,1832,12,1,,10
2,N,6,6,1727182,1727182,1833,1833,17,1,,3
2,N,6,23,1370080,6663491,1834,1834,1,1,,17
2,N,5,5,1695302,1695302,1835,1835,1,1,,23
2,N,6,20,1760416,6177739,1836,1836,7,1,,12
2,N,3,19,700750,4925187,1837,1837,1,1,,24
2,N,16,16,6633002,6633002,1838,1838,15,1,,13
2,N,4,4,727708,727708,1839,1839,11,1,,23
2,N,1,7,342000,2781059,1840,1840,20,1,,26
2,N,31,36,9798428,11028892,1841,1841,17,1,,21
2,N,2,3,833000,1101000,1842,1842,112,1,,16
2,N,15,27,10452980,16838877,1843,1843,7,1,,16
2,N,16,30,8853478,14570030,1844,1844,25,1,,11
2,N,19,51,11849494,29035667,1845,1845,20,1,,16
2,N,2,23,232888,5186156,1846,1846,12,1,,13
2,N,70,80,43325894,50011244,1847,1847,4,1,,11
2,N,8,13,15825000,21582919,1848,1848,4,1,,4
2,N,1,4,1125000,1894731,1849,1849,4,1,,4
2,N,2,23,232888,5186156,1850,1850,11,1,,13
2,N,2,162,673574,67445552,1851,1851,8,1,,1
2,N,4,4,727708,727708,1852,1852,8,1,,5
2,N,5,21,1241520,7070806,1853,1853,7,1,,13
2,N,16,18,7681942,8174634,1854,1854,13,1,,9
2,N,5,27,3842834,16635708,1855,1855,21,1,,11
2,N,4,4,727708,727708,1856,1856,2,1,,23
2,N,7,22,4201800,13919313,1857,1857,51,1,,16
2,N,11,17,7888287,10213491,1858,1858,15,1,,5
2,N,70,80,43325894,50011244,1859,1859,5,1,,48
2,N,12,12,4198470,4198470,1860,1860,17,1,,24
2,N,1,20,660852,12350528,1861,1861,107,1,,29
2,N,61,80,38156275,47935755,1862,1862,25,1,,13
3,N,12,22,11426320,27403820,1863,1863,4,1,,4
3,N,2,2,527500,527500,1864,1864,1,1,,13
4,N,2,11,1231000,4558394,1865,1865,1,1,,13
1,N,8,10,3538200,4770700,1866,1866,1,1,,16
2,N,1,1,230743,230743,1867,1867,17,1,,29
2,N,8,17,2333135,5754347.32,1868,1868,17,1,,10
2,N,4,10,1709700,4122644,1869,1869,1,1,,16
2,N,9,9,1935280,1935280,1870,1870,4,1,,21
2,N,4,9,753392,2508122,1871,1871,20,1,,32
2,N,2,11,558850,3323327,1872,1872,1,1,,17
2,N,11,37,4145000,13126580,1873,1873,5,1,,9
2,N,6,37,1368800,13126580,1874,1874,1,1,,9
2,N,13,13,11496457,11496457,1875,1875,3,1,,18
2,N,2,23,1277400,8833757,1876,1876,7,1,,4
3,N,2,26,693055,9948686,1877,1877,9,1,,6
3,N,4,6,4050500,5256500,1878,1878,21,1,,4
3,N,1,36,589950,22307073,1879,1879,7,1,,18
3,N,1,4,564850,1599100,1880,1880,174,1,,9
2,N,13,162,5311322,67445552,1881,1881,175,1,,1
2,N,16,30,8853478,14570030,1882,1882,20,1,,41
2,N,20,51,11465498,29035667,1883,1883,117,1,,16
2,N,33,35,14621414,16094232,1884,1884,13,1,,7
2,N,4,23,1775500,9971543,1885,1885,7,1,,6
2,N,1,8,242250,2847138,1886,1886,7,1,,4
2,N,2,9,359000,3116436,1887,1887,1,1,,4
2,N,3,22,1629345,13919313,1888,1888,21,1,,16
2,N,2,17,474267,5710286,1889,1889,9,1,,34
2,N,1,4,892805,4082355,1890,1890,176,1,,4
2,N,7,162,2800641,67445552,1891,1891,7,1,,1
2,N,70,80,43325894,50011244,1892,1892,21,1,,11
2,N,12,12,4198470,4198470,1893,1893,17,1,,24
2,N,3,10,811950,1650786,1894,1894,1,1,,42
2,N,27,27,14605295,14605295,1895,1895,7,1,,3
2,N,2,12,700500,5042775,1896,1896,1,1,,13
2,N,1,33,416000,10073187,1897,1897,1,1,,6
2,N,1,14,732000,9506960,1898,1898,1,1,,3
2,N,12,162,4606125,67445552,1899,1899,27,1,,3
2,N,2,10,538000,5098854,1900,1900,4,1,,9
2,N,13,162,5311322,67445552,1901,1901,20,1,,16
2,N,18,50,3414299,15125609,1902,1902,1,1,,13
2,N,4,15,1516770,6956882,1903,1903,7,1,,16
2,N,19,38,5516416,10010882,1904,1904,17,1,,24
2,N,3,14,1390500,7661494,1905,1905,20,1,,7
2,N,5,37,1167030,10224398,1906,1906,7,1,,13
2,N,8,10,4790775,8676775,1907,1907,1,1,,17
2,N,1,20,318500,12350528,1908,1908,4,1,,29
2,N,19,38,5516416,10010882,1909,1909,7,1,,13
2,N,9,12,2711900,3585760,1910,1910,7,1,,15
2,N,3,27,2003829,16838877,1911,1911,177,1,,16
2,N,5,8,1428625,2441025,1912,1912,2,1,,6
2,N,4,27,1765800,11153860,1913,1913,7,1,,11
2,N,5,27,1844555,11153860,1914,1914,21,1,,3
2,N,6,47,2709141,16915354.25,1915,1915,7,1,,3
2,N,3,25,1759055,9690271,1916,1916,13,1,,45
2,N,2,49,467999,18329432,1917,1917,17,1,,9
2,N,3,27,1186178,11153860,1918,1918,7,1,,13
2,N,3,47,922321,16915354.25,1919,1919,13,1,,13
2,N,3,49,978889,18329432,1920,1920,13,1,,23
2,N,4,49,1188514,18329432,1921,1921,7,1,,25
2,N,7,13,4047837,5917661,1922,1922,4,1,,11
2,N,6,37,1368800,13126580,1923,1923,5,1,,9
2,N,2,13,856234,5917661,1924,1924,178,1,,46
2,N,1,1,960210,960210,1925,1925,179,1,,18
2,N,3,6,413794,1047352,1926,1926,12,1,,20
2,N,3,17,1122050,5754347.32,1927,1927,180,1,,21
2,N,5,37,909049,10766259,1928,1928,13,1,,39
2,N,8,10,4440374,5437874,1929,1929,4,1,,16
2,N,16,18,7681942,8174634,1930,1930,13,1,,5
2,N,3,38,908965,10010882,1931,1931,8,1,,24
2,Y,8,8,2884764,2884764,1932,1932,181,1,,9
2,N,27,97,4807863,24831632.51,1933,1933,1,1,,21
2,N,31,36,9798428,11028892,1934,1934,58,1,,21
2,N,15,27,10452980,16838877,1935,1935,1,1,,16
2,N,12,12,4198470,4198470,1936,1936,1,1,,24
2,N,6,17,1428551,4532971,1937,1937,20,1,,7
2,N,16,16,6633002,6633002,1938,1938,7,1,,13
2,N,10,29,1498245,9738808,1939,1939,35,1,,28
2,N,16,18,7681942,8174634,1940,1940,182,1,,5
2,N,2,21,434000,4877861,1941,1941,1,1,,13
2,N,20,37,6278231,10766259,1942,1942,15,1,,39
2,N,3,10,1856000,4554503,1943,1943,14,1,,13
2,N,11,11,5306844,5306844,1944,1944,1,1,,25
2,N,16,30,8853478,14570030,1945,1945,3,1,,11
2,N,9,47,3696892,16915354.25,1946,1946,14,1,,13
2,N,3,49,978889,18329432,1947,1947,17,1,,20
2,N,3,47,922321,16915354.25,1948,1948,8,1,,6
2,N,8,47,1836570,16915354.25,1949,1949,7,1,,13
2,N,4,47,2084952,16915354.25,1950,1950,21,1,,3
2,N,2,49,547291,18329432,1951,1951,13,1,,10
2,N,4,49,1593323,18329432,1952,1952,14,1,,15
2,N,5,27,1844555,11153860,1953,1953,9,1,,20
2,N,2,11,558850,3323327,1954,1954,15,1,,17
2,N,5,7,1107998,1330798,1955,1955,35,1,,9
2,N,8,37,2437450,13126580,1956,1956,15,1,,9
2,N,8,37,2437450,13126580,1957,1957,38,1,,9
2,N,7,7,4554529,4554529,1958,1958,17,1,,11
2,N,2,11,636570,3766290,1959,1959,12,1,,9
2,N,1,1,164000,164000,1960,1960,1,1,,9
2,N,8,8,3428675,3428675,1961,1961,58,1,,4
3,N,12,22,11426320,27403820,1962,1962,117,1,,4
3,N,4,26,995483,9948686,1963,1963,62,1,,39
3,N,4,36,3204310,22307073,1964,1964,4,1,,18
4,N,7,7,2855405,2855405,1965,1965,1,1,,13
1,N,7,9,1838400,3004260,1966,1966,39,1,,13
1,N,5,5,1674555,1674555,1967,1967,1,1,,20
1,N,7,9,1838400,3004260,1968,1968,7,1,,13
1,N,6,9,1501451,2150951,1969,1969,17,1,,13
1,N,23,23,6044574,6044574,1970,1970,6,1,,1
1,N,27,27,17995948,17995948,1971,1971,3,1,,3
1,N,1,2,399200,616887,1972,1972,21,1,,10
1,N,3,4,1437400,1837400,1973,1973,61,1,,4
1,N,2,6,582646,1767096,1974,1974,7,1,,20
1,N,6,10,2445959,4576453,1975,1975,7,1,,10
1,N,8,10,3538200,4770700,1976,1976,21,1,,16
1,N,3,7,453000,1765915,1977,1977,2,1,,15
1,N,3,7,453000,1765915,1978,1978,58,1,,15
1,N,1,20,400716,9324945,1979,1979,9,1,,20
1,N,5,22,1555011,5430779,1980,1980,2,1,,21
1,N,7,22,1443880,5430779,1981,1981,2,1,,21
1,N,6,20,4081500,9324945,1982,1982,67,1,,20
2,N,3,8,3157362,6412966,1983,1983,114,1,,4
2,N,1,1,581250,581250,1984,1984,5,1,,4
2,N,1,11,957000,6057520,1985,1985,132,1,,19
2,N,4,25,1191800,7926378.22,1986,1986,4,1,,20
2,N,3,8,3157362,6412966,1987,1987,35,1,,4
2,N,2,11,1787800,6057520,1988,1988,1,1,,5
2,N,7,20,7150250,13928730,1989,1989,183,1,,4
2,N,2,6,1671500,4714507,1990,1990,26,1,,29
2,N,4,4,1427056,1427056,1991,1991,7,1,,17
2,N,4,11,1621120,6057520,1992,1992,7,1,,5
2,N,7,7,1272727,1272727,1993,1993,15,1,,17
2,N,18,18,5346157,5346157,1994,1994,39,1,,10
2,N,6,6,2128806,2128806,1995,1995,4,1,,34
2,N,2,11,648400,2600362,1996,1996,7,1,,17
2,N,8,14,4889693,7091334,1997,1997,17,1,,30
2,N,70,80,43325894,50011244,1998,1998,21,1,,11
2,N,17,22,3928987,4694567,1999,1999,17,1,,13
2,N,2,16,315500,6888925,2000,2000,1,1,,13
2,N,14,14,5563214,5563214,2001,2001,7,1,,16
2,N,8,23,2900493,9971543,2002,2002,21,1,,11
2,N,14,19,3597281,4925187,2003,2003,7,1,,24
2,N,19,21,4443861,4877861,2004,2004,12,1,,18
